1.4341e-05,23.949,24.927,23.46,24.438,24.438,22.972
0.15249,23.949,24.927,23.949,24.438,24.438,22.972
0.73864,23.949,24.438,23.949,24.438,24.438,22.972
1.3392,23.949,24.438,23.949,24.438,24.438,22.483
1.9429,23.949,24.927,23.949,24.438,24.927,22.972
2.5356,23.949,24.438,23.949,24.438,24.438,22.972
3.1432,23.949,24.927,23.949,24.438,24.927,22.972
3.7469,23.949,24.438,23.949,24.438,24.927,22.483
4.3486,23.949,24.927,23.949,24.438,25.415,22.972
4.9409,23.949,24.927,23.949,24.438,24.927,22.483
5.5348,23.949,24.438,23.949,24.438,25.415,22.483
6.1237,23.949,24.438,23.949,24.438,25.904,22.483
6.7346,23.949,24.927,23.46,23.949,25.904,22.972
7.3203,23.949,24.927,23.46,23.949,25.904,22.483
7.9211,23.46,24.927,23.949,24.438,25.904,22.972
8.5159,23.949,24.927,23.46,23.949,25.904,22.972
9.1184,23.46,24.927,23.46,24.438,26.393,22.972
9.7086,23.46,24.927,23.949,23.949,26.393,22.972
10.306,23.949,24.927,23.949,24.438,26.393,22.483
10.913,23.949,24.927,23.949,24.438,26.393,22.972
11.507,23.949,24.927,23.949,24.438,26.882,22.972
12.103,23.949,24.927,23.46,24.438,26.882,22.972
12.695,23.949,24.927,23.949,24.438,26.882,22.972
13.296,23.949,24.438,23.949,24.438,26.882,22.972
13.881,23.46,24.927,23.46,24.438,27.37,22.483
14.481,23.949,24.927,23.949,24.438,27.37,22.483
15.065,23.949,24.927,23.46,24.438,27.37,22.972
15.651,23.949,24.438,23.949,24.438,27.37,22.972
16.245,23.949,24.927,23.46,23.949,27.859,22.483
16.831,23.949,24.927,23.46,24.438,27.37,22.972
17.422,23.949,24.927,23.949,24.438,27.859,22.972
18.014,23.949,24.927,23.949,24.438,27.859,22.483
18.606,23.949,24.927,23.949,24.438,27.859,22.483
19.206,23.949,24.927,23.949,24.438,28.348,22.972
19.805,23.949,24.438,23.46,24.438,28.348,22.972
20.394,23.949,24.438,23.46,24.438,28.348,22.483
20.997,23.949,24.927,23.46,24.438,28.348,22.483
21.598,23.46,24.927,23.46,24.438,28.837,22.483
22.184,23.949,24.927,23.949,24.438,28.837,22.972
22.771,23.949,24.438,23.46,24.438,28.837,22.972
23.371,23.949,24.438,23.949,24.438,28.837,22.972
23.984,23.949,24.927,23.46,23.949,29.326,22.972
24.573,23.949,24.927,23.46,24.438,29.326,22.972
25.162,23.949,24.927,23.46,24.438,29.326,22.972
25.765,23.949,24.438,23.46,24.438,29.326,22.972
26.349,23.46,24.927,23.46,24.438,29.814,22.483
26.936,23.949,24.927,23.949,24.438,29.814,22.483
27.524,23.949,24.927,23.949,24.438,29.814,22.972
28.123,23.949,24.927,23.46,24.438,29.814,22.972
28.729,23.949,24.927,23.46,24.438,29.814,22.972
29.336,23.949,24.927,23.949,24.438,29.814,22.972
29.914,23.46,24.438,23.949,24.438,29.814,22.972
30.506,23.949,24.927,23.949,24.438,30.303,22.483
31.107,23.949,24.438,23.949,24.438,30.303,22.972
31.699,23.949,24.438,23.949,24.927,30.303,22.483
32.284,23.949,24.927,23.46,24.927,30.303,22.972
32.891,23.949,24.927,23.46,24.438,30.792,22.972
33.48,23.46,24.438,23.949,24.438,30.303,22.972
34.071,23.949,24.927,23.949,24.438,30.303,22.483
34.676,23.949,24.927,23.949,24.438,30.792,22.972
35.272,23.46,24.438,23.46,24.927,31.281,22.483
35.855,23.949,24.927,23.46,24.438,30.792,22.972
36.454,23.949,24.927,23.949,24.927,30.792,22.972
37.061,23.46,24.438,23.949,24.927,31.281,22.483
37.668,23.949,24.438,23.949,24.927,31.281,22.972
38.26,23.46,24.927,23.949,24.927,31.281,22.972
38.853,23.949,24.438,23.949,24.927,31.281,22.972
39.449,23.949,24.927,23.46,24.927,31.281,22.483
40.047,23.949,24.927,23.46,24.927,31.769,22.972
40.637,23.949,24.438,23.46,24.438,31.769,22.972
41.244,23.949,24.438,23.949,24.927,31.769,22.972
41.837,23.949,24.927,23.949,24.927,31.769,22.972
42.43,23.949,24.927,23.46,24.927,31.769,22.972
43.017,23.949,24.927,23.949,24.927,31.769,22.972
43.604,23.46,24.927,23.46,24.927,31.769,22.483
44.192,23.949,24.927,23.949,24.927,32.258,22.483
44.78,23.949,24.927,23.949,24.927,32.258,22.972
45.372,23.949,24.438,23.949,24.927,32.258,22.972
45.963,23.949,24.927,23.949,25.415,32.258,22.483
46.555,23.949,24.927,23.46,24.927,32.747,22.972
47.137,23.949,24.438,23.46,25.415,32.747,22.972
47.743,23.949,24.927,23.949,24.927,32.747,22.972
48.327,23.949,24.438,23.949,25.415,32.747,22.483
48.924,23.949,24.927,23.949,25.415,32.747,22.483
49.515,23.949,24.927,23.949,25.415,32.747,22.972
50.108,23.949,24.927,23.949,25.415,32.747,22.972
50.704,23.949,24.927,23.949,25.415,33.236,22.972
51.306,23.949,24.927,23.949,25.415,32.747,22.972
51.897,23.949,24.438,23.46,25.415,33.236,22.972
52.497,23.949,24.927,23.949,25.415,33.236,22.972
53.096,23.949,24.927,23.949,25.415,33.236,22.972
53.68,23.949,24.438,23.949,25.415,33.236,22.972
54.277,23.949,24.927,23.949,25.415,33.236,22.483
54.882,23.949,24.438,23.949,25.415,33.724,22.972
55.483,23.46,24.927,23.46,25.415,33.724,22.972
56.084,23.949,24.438,23.949,25.415,33.724,22.972
56.679,23.949,24.438,23.949,25.415,33.724,22.972
57.273,23.949,24.927,23.949,25.415,33.724,22.972
57.86,23.949,24.927,23.949,25.904,33.724,22.972
58.455,23.949,24.927,23.949,25.415,34.213,22.972
59.049,23.949,24.927,23.949,25.904,34.213,22.972
59.646,23.46,24.927,23.949,25.904,33.724,22.972
60.231,23.949,24.438,23.949,25.904,34.213,22.972
60.818,23.949,24.927,23.949,25.904,34.213,22.972
61.406,23.949,24.927,23.949,25.904,34.213,22.972
62.002,23.949,24.438,23.949,25.904,34.213,22.972
62.598,23.949,24.927,23.949,25.904,34.702,22.972
63.187,23.949,24.438,23.949,25.904,34.702,22.972
63.781,23.949,24.927,23.46,25.904,34.702,22.972
64.382,23.949,24.438,23.949,25.904,34.213,22.483
64.983,23.949,24.927,23.949,25.904,34.702,22.972
65.587,23.949,24.927,23.949,25.904,34.702,22.972
66.193,23.949,24.927,23.949,25.904,34.702,22.972
66.792,23.949,24.438,23.949,26.393,34.702,22.972
67.397,23.949,24.927,23.46,26.393,34.702,22.483
67.985,23.949,24.438,23.949,26.393,35.191,22.483
68.577,23.949,24.438,23.949,26.393,35.191,22.483
69.186,23.949,24.438,23.949,26.393,35.191,22.972
69.773,23.46,24.927,23.949,26.393,34.702,22.972
70.369,23.949,24.438,23.949,26.393,35.191,22.483
70.957,23.46,24.927,23.949,26.393,35.191,22.972
71.559,23.949,24.927,23.949,26.393,35.679,22.972
72.162,23.949,24.438,23.46,26.393,35.679,22.972
72.752,23.949,24.438,23.949,26.393,35.679,22.972
73.358,23.46,24.927,23.46,26.393,35.679,22.483
73.943,23.949,24.438,23.949,26.393,35.679,22.483
74.542,23.949,24.438,23.46,26.393,35.679,22.972
75.123,23.949,24.927,23.949,26.393,35.679,22.972
75.717,23.949,24.927,23.949,26.393,35.679,22.972
76.319,23.949,24.438,23.949,26.882,35.679,22.972
76.929,23.949,24.927,23.46,26.882,36.168,22.972
77.521,23.949,24.438,23.949,26.882,35.679,22.972
78.114,23.949,24.927,23.949,26.882,36.168,22.972
78.719,23.949,24.438,23.949,26.393,36.168,22.972
79.314,23.949,24.927,23.949,26.882,36.168,22.972
79.917,23.46,24.927,23.949,26.882,36.168,22.972
80.518,23.46,24.927,23.949,26.882,36.168,22.972
81.124,23.46,24.927,23.949,26.882,36.657,22.972
81.705,23.46,24.927,23.949,26.882,36.168,22.483
82.308,23.949,24.927,23.949,26.882,36.657,22.972
82.887,23.949,24.927,23.949,26.882,36.168,22.972
83.467,23.46,24.927,23.949,26.882,36.657,22.972
84.048,23.949,24.438,23.949,26.882,36.657,22.972
84.641,23.46,24.927,23.949,27.37,36.657,22.972
85.237,23.46,24.438,23.949,26.882,36.657,22.972
85.827,23.949,24.438,23.949,27.37,36.657,22.483
86.423,23.949,24.927,23.949,27.37,37.146,22.972
87.01,23.949,24.438,23.949,27.37,36.657,22.972
87.6,23.949,24.927,23.949,27.37,37.146,22.972
88.201,23.949,24.438,23.949,27.37,36.657,22.972
88.8,23.949,24.927,23.949,26.882,37.146,22.972
89.39,23.949,24.927,23.949,27.37,37.146,22.483
89.992,23.949,24.438,23.949,27.37,37.146,22.972
90.593,23.949,24.438,23.949,27.37,37.146,22.972
91.192,23.949,24.927,23.949,27.37,37.146,22.972
91.776,23.46,24.438,23.949,27.37,37.146,22.972
92.371,23.949,24.927,23.949,27.37,37.146,22.972
92.968,23.949,24.927,23.949,27.37,37.634,22.972
93.55,23.46,24.438,23.949,27.37,37.634,22.972
94.149,23.949,24.927,23.949,27.37,37.634,22.972
94.739,23.949,24.927,23.949,27.37,37.634,22.972
95.329,23.949,24.438,23.949,27.37,38.123,22.972
95.933,23.46,24.438,23.949,27.859,38.123,22.972
96.532,23.949,24.438,23.949,27.859,37.634,22.972
97.131,23.949,24.438,23.949,27.859,37.634,22.972
97.717,23.46,24.438,23.949,27.859,38.123,22.972
98.319,23.949,24.438,23.949,27.859,37.634,22.972
98.909,23.46,24.438,23.949,27.859,38.123,22.483
99.5,23.949,24.927,23.949,27.859,38.123,22.972
100.1,23.949,24.927,23.949,27.859,38.123,22.483
100.68,23.949,24.438,23.949,27.859,38.123,22.972
101.26,23.949,24.438,23.949,27.859,38.123,22.483
101.85,23.949,24.438,23.949,27.859,38.123,22.972
102.44,23.949,24.927,23.949,27.859,38.123,22.483
103.03,23.949,24.927,23.949,27.859,38.123,22.972
103.64,23.949,24.927,24.438,27.859,38.123,22.972
104.23,23.949,24.438,24.438,27.859,38.612,22.972
104.84,23.949,24.438,23.949,27.859,38.123,22.483
105.43,23.949,24.438,23.949,28.348,38.612,22.972
106.03,23.46,24.927,23.949,28.348,38.612,22.483
106.62,23.949,24.438,24.438,28.348,38.612,22.972
107.22,23.949,24.438,23.949,28.348,38.612,22.483
107.81,23.949,24.438,23.949,28.348,38.612,22.972
108.39,23.46,24.927,24.438,28.348,38.612,22.972
108.98,23.46,24.438,23.949,28.348,39.101,22.972
109.58,23.949,24.927,23.949,28.348,39.101,22.972
110.18,23.949,24.438,24.438,28.348,39.101,22.972
110.78,23.949,24.927,24.438,28.348,39.101,22.972
111.38,23.949,24.438,23.949,28.348,39.101,22.972
111.98,23.949,24.927,24.438,28.348,39.101,22.483
112.58,23.949,24.927,23.949,28.348,39.101,22.972
113.17,23.949,24.927,23.949,28.348,39.101,22.972
113.76,23.46,24.438,24.438,28.348,39.101,22.972
114.37,23.949,24.927,24.438,28.348,39.101,22.972
114.97,23.949,24.438,24.438,28.837,39.589,22.972
115.56,23.949,24.927,24.438,28.837,39.589,22.972
116.15,23.949,24.927,24.438,28.837,39.589,22.972
116.74,23.949,24.438,24.438,28.837,39.589,22.483
117.33,23.949,24.927,24.438,28.837,39.589,22.972
117.93,23.46,24.438,24.438,28.837,39.589,22.972
118.51,23.949,24.438,24.438,28.837,39.589,22.972
119.09,23.949,24.927,23.949,28.837,39.589,22.972
119.68,23.46,24.927,24.438,28.837,39.589,22.972
120.27,23.949,24.927,24.438,28.837,39.589,22.483
120.86,23.949,24.927,24.438,28.837,39.589,22.972
121.46,23.46,24.438,24.438,28.837,39.589,22.483
122.05,23.949,24.927,24.438,28.837,40.078,22.483
122.66,23.949,24.927,24.438,29.326,40.078,22.483
123.26,23.46,24.927,24.438,29.326,39.589,22.972
123.85,23.949,24.927,24.438,29.326,40.078,22.972
124.43,23.949,24.927,24.438,28.837,40.078,22.972
125.03,23.949,24.438,24.438,29.326,40.078,22.972
125.62,23.949,24.438,24.438,29.326,40.078,22.972
126.23,23.46,24.438,23.949,29.326,40.078,22.972
126.83,23.949,24.927,24.438,29.326,40.078,22.972
127.43,23.949,24.927,24.438,29.326,40.078,22.972
128.03,23.949,24.927,24.438,29.326,40.078,22.972
128.62,23.46,24.927,24.438,29.326,40.567,22.972
129.21,23.949,24.927,24.438,29.326,40.078,22.483
129.81,23.949,24.927,24.438,29.326,40.567,22.972
130.4,23.46,24.927,24.438,29.326,40.567,22.972
130.99,23.949,24.927,24.438,29.326,40.567,22.972
131.58,23.46,24.927,24.438,29.326,40.567,22.972
132.16,23.949,24.438,24.438,29.326,40.567,22.483
132.77,23.949,24.438,24.438,29.814,40.567,22.972
133.36,23.949,24.438,24.438,29.326,40.567,22.972
133.95,23.949,24.927,24.438,29.814,41.056,22.972
134.54,23.46,24.438,24.438,29.814,40.567,22.483
135.13,23.46,24.438,24.438,29.814,40.567,22.972
135.73,23.46,24.927,24.438,29.814,41.056,22.972
136.33,23.46,24.927,24.438,29.814,41.056,22.483
136.93,23.949,24.927,24.438,29.814,41.056,22.972
137.53,23.949,24.438,24.438,29.814,41.056,22.972
138.13,23.46,24.927,24.438,29.814,41.056,22.972
138.72,23.949,24.438,24.438,29.814,41.056,22.972
139.32,23.46,24.927,24.927,29.814,41.056,22.972
139.9,23.46,24.438,24.438,29.814,41.056,22.972
140.5,23.949,24.438,24.927,29.814,41.056,22.972
141.1,23.46,24.438,24.438,29.814,41.544,22.972
141.7,23.949,24.927,24.927,29.814,41.056,22.972
142.3,23.949,24.438,24.927,30.303,41.544,22.972
142.9,23.949,24.927,24.927,30.303,41.544,22.972
143.5,23.46,24.438,24.927,29.814,41.544,22.483
144.09,23.949,24.927,24.927,30.303,41.544,22.972
144.68,23.949,24.438,24.438,30.303,41.544,22.972
145.28,23.949,24.927,24.438,30.303,41.544,22.972
145.88,23.949,24.438,24.438,30.303,41.544,22.972
146.48,23.949,24.438,24.927,30.303,41.544,22.972
147.09,23.949,24.927,24.438,30.303,42.033,22.972
147.69,23.949,24.927,24.438,30.303,41.544,22.972
148.3,23.46,24.927,24.927,30.303,41.544,22.972
148.89,23.46,24.927,24.927,30.303,41.544,22.972
149.49,23.46,24.927,24.927,30.303,41.544,22.972
150.09,23.949,24.438,24.927,30.303,41.544,22.972
150.68,23.46,24.438,24.927,30.303,42.033,22.972
151.27,23.949,24.927,24.438,30.792,42.033,22.972
151.86,23.949,24.927,24.927,30.303,42.033,22.972
152.45,23.949,24.927,24.927,30.792,42.033,22.972
153.05,23.46,24.927,24.927,30.792,42.033,22.972
153.65,23.46,24.927,24.927,30.303,42.033,22.972
154.24,23.949,24.927,24.927,30.792,42.033,22.972
154.83,23.949,24.927,24.927,30.792,42.033,22.972
155.42,23.949,24.927,24.927,30.792,42.033,22.483
156.01,23.949,24.438,24.927,30.792,42.033,22.972
156.62,23.46,24.438,24.927,30.792,42.033,22.972
157.21,23.949,24.927,24.927,30.792,42.522,22.972
157.81,23.949,24.927,24.438,30.792,42.522,22.972
158.4,23.949,24.927,24.927,30.792,42.522,22.972
158.98,23.949,24.927,24.927,30.792,42.522,22.972
159.58,23.949,24.927,24.927,30.792,42.522,22.972
160.18,23.46,24.927,24.927,30.792,42.522,22.972
160.79,23.949,24.927,24.927,30.792,43.011,22.972
161.38,23.949,24.927,24.927,30.792,42.522,22.972
161.97,23.949,24.927,24.927,30.792,42.522,22.972
162.57,23.949,24.927,25.415,31.281,42.522,22.972
163.15,23.949,24.927,24.927,31.281,42.522,22.972
163.74,23.949,24.927,24.927,31.281,42.522,22.972
164.35,23.46,24.927,24.927,31.281,43.011,22.972
164.95,23.46,24.927,24.927,31.281,43.011,22.972
165.56,23.949,24.438,24.927,31.281,42.522,22.972
166.15,23.949,24.927,24.927,31.281,43.011,22.972
166.74,23.46,24.438,24.927,31.281,43.011,22.972
167.34,23.949,24.438,24.927,31.281,43.011,22.972
167.95,23.46,24.438,25.415,31.769,43.011,22.972
168.54,23.949,24.438,24.927,31.281,43.011,22.972
169.14,23.949,24.438,24.927,31.281,43.011,22.972
169.74,23.949,24.927,24.927,31.281,43.011,22.972
170.34,23.949,24.927,25.415,31.281,43.011,22.483
170.92,23.949,24.927,24.927,31.281,43.011,22.483
171.51,23.46,24.927,25.415,31.281,43.011,22.972
172.09,23.949,24.927,25.415,31.769,43.5,22.972
172.69,23.949,24.927,24.927,31.281,43.011,22.972
173.3,23.46,24.927,24.927,31.769,43.011,22.972
173.89,23.46,24.927,25.415,31.769,43.5,22.972
174.49,23.46,24.927,25.415,31.769,43.5,22.972
175.09,23.949,24.927,25.415,31.769,43.5,22.972
175.68,23.46,24.927,25.415,31.769,43.5,22.972
176.28,23.949,24.927,25.415,31.769,43.5,22.972
176.88,23.46,24.927,24.927,31.769,43.5,22.972
177.48,23.949,24.927,25.415,31.769,43.5,22.972
178.08,23.46,24.927,24.927,31.769,43.5,22.972
178.68,23.949,24.927,25.415,31.769,43.5,22.972
179.28,23.46,24.927,24.927,31.769,43.5,22.972
179.88,23.949,24.927,25.415,31.769,43.5,22.483
180.47,23.46,24.927,25.415,31.769,43.5,22.972
181.06,23.949,24.927,25.415,31.769,43.988,22.972
181.66,23.949,24.927,25.415,31.769,43.988,22.972
182.26,23.949,24.927,25.415,32.258,43.5,22.972
182.86,23.949,24.927,25.415,31.769,43.5,22.972
183.46,23.949,24.927,25.415,32.258,43.988,22.972
184.05,23.46,24.927,25.415,32.258,43.988,22.972
184.64,23.46,24.927,25.415,32.258,43.988,22.972
185.24,23.949,24.927,25.415,32.258,43.988,22.972
185.84,23.949,24.927,25.415,32.258,43.988,22.972
186.43,23.46,24.927,25.415,32.258,43.988,22.972
187.02,23.949,24.927,25.415,32.258,43.988,22.972
187.61,23.949,24.927,25.415,32.258,43.988,22.972
188.2,23.949,24.927,25.415,32.258,43.988,22.972
188.79,23.949,24.927,25.415,32.258,43.988,22.483
189.38,23.949,24.927,25.415,32.258,43.988,22.972
189.98,23.46,24.927,25.415,32.258,44.477,22.972
190.56,23.949,24.927,25.415,32.258,43.988,22.972
191.15,23.46,24.927,25.904,32.258,44.477,22.972
191.75,23.949,24.927,25.415,32.258,44.477,22.972
192.33,23.949,24.927,25.415,32.258,44.477,22.972
192.92,23.46,24.438,25.904,32.747,44.477,22.972
193.52,23.46,24.927,25.904,32.747,44.477,22.972
194.11,23.46,24.927,25.415,32.747,44.477,22.972
194.7,23.949,24.927,25.415,32.747,44.477,22.483
195.3,23.46,24.927,25.415,32.747,44.477,22.972
195.91,23.949,24.927,25.904,32.747,44.477,22.972
196.5,23.46,24.927,25.415,32.747,44.477,22.483
197.11,23.949,24.927,25.904,32.747,44.477,22.972
197.71,23.46,24.927,25.415,32.747,44.966,22.483
198.3,23.949,24.927,25.904,32.747,44.477,22.972
198.89,23.949,24.927,25.904,32.747,44.477,22.972
199.48,23.949,24.927,25.904,32.747,44.966,22.972
200.08,23.949,24.927,25.415,32.747,44.966,22.972
200.68,23.949,24.927,25.904,32.747,44.966,22.972
201.29,23.46,24.927,25.904,32.747,44.477,22.972
201.87,23.949,24.927,25.904,32.747,44.966,22.972
202.47,23.949,24.927,25.904,32.747,44.966,22.972
203.07,23.46,24.927,25.904,33.236,44.966,22.972
203.65,23.949,24.927,25.904,33.236,44.966,22.972
204.25,23.46,24.927,25.904,33.236,45.455,22.972
204.84,23.46,24.927,25.904,33.236,44.966,22.972
205.42,23.949,24.927,25.904,33.236,44.966,22.972
206,23.949,24.927,25.904,33.236,44.966,22.972
206.6,23.949,24.927,25.904,33.236,44.966,22.972
207.2,23.949,24.927,25.904,33.236,44.966,22.972
207.78,23.949,24.927,25.904,33.236,45.455,22.972
208.38,23.949,25.415,25.904,33.236,45.455,22.972
208.98,23.949,24.927,25.904,33.236,45.455,22.972
209.57,23.949,24.927,25.904,33.236,45.455,22.972
210.16,23.949,24.927,25.904,33.236,45.455,22.972
210.76,23.949,24.927,25.904,33.236,45.455,22.972
211.35,23.949,24.927,25.904,33.724,45.455,22.972
211.95,23.949,24.927,25.904,33.236,45.455,22.972
212.55,23.949,24.927,25.904,33.724,45.455,22.972
213.15,23.949,24.927,25.904,33.724,45.455,22.972
213.74,23.949,24.927,25.904,33.236,45.455,22.972
214.34,23.949,24.927,25.904,33.724,45.455,22.972
214.94,23.949,24.927,25.904,33.724,45.455,22.972
215.53,23.949,24.927,25.904,33.724,45.943,22.972
216.12,23.949,25.415,25.904,33.724,45.943,22.972
216.7,23.949,24.927,25.904,33.724,45.943,22.972
217.3,23.949,24.927,26.393,33.724,45.943,22.972
217.89,23.949,24.927,25.904,33.724,45.943,22.972
218.5,23.46,24.927,26.393,33.724,45.455,22.972
219.09,23.949,24.927,26.393,33.724,45.943,22.972
219.7,23.949,24.927,26.393,33.724,45.943,22.483
220.3,23.949,24.927,25.904,33.724,45.943,22.972
220.9,23.949,24.927,26.393,33.724,45.943,22.972
221.48,23.949,24.927,26.393,33.724,45.943,22.972
222.08,23.949,25.415,26.393,34.213,45.943,22.972
222.68,23.949,24.927,26.393,34.213,45.943,22.972
223.29,23.949,25.415,26.393,33.724,45.943,22.972
223.88,23.46,24.927,26.393,34.213,45.943,22.972
224.47,23.46,24.927,26.393,34.213,45.943,22.972
225.06,23.949,24.927,26.393,34.213,46.432,22.972
225.65,23.949,25.415,26.393,34.213,46.432,22.972
226.25,23.949,24.927,26.393,34.213,46.432,22.972
226.85,23.949,24.927,26.393,34.213,46.432,22.972
227.43,23.949,24.927,26.393,34.213,46.432,22.972
228.02,23.949,24.927,26.393,34.213,46.432,22.972
228.61,23.949,25.415,26.393,34.213,46.432,22.972
229.21,23.949,25.415,26.393,34.213,46.432,22.972
229.8,23.949,24.927,26.393,34.213,46.432,22.972
230.4,23.949,24.927,26.393,34.213,46.432,22.972
231,23.949,25.415,26.393,34.213,46.432,22.972
231.6,23.949,25.415,26.393,34.213,46.432,22.972
232.2,23.949,24.927,26.882,34.213,46.432,22.972
232.79,23.949,24.927,26.393,34.213,46.432,22.972
233.38,23.949,25.415,26.393,34.213,46.432,22.972
233.99,23.46,24.927,26.393,34.213,46.432,22.972
234.57,23.949,25.415,26.393,34.702,46.432,22.972
235.17,23.949,24.927,26.393,34.702,46.432,22.972
235.75,23.949,24.927,26.393,34.213,46.432,22.972
236.36,23.949,25.415,26.393,34.702,46.432,22.972
236.96,23.949,25.415,26.393,34.702,46.921,22.972
237.56,23.949,25.415,26.393,34.702,46.921,22.972
238.16,23.949,24.927,26.393,34.702,46.921,22.972
238.75,23.949,24.927,26.393,34.702,46.921,22.972
239.34,23.949,25.415,26.393,34.702,46.921,22.972
239.93,23.949,25.415,26.882,34.702,46.921,22.972
240.52,23.949,25.415,26.882,34.702,46.921,22.972
241.12,23.949,25.415,26.393,34.702,46.921,22.972
241.72,23.949,25.415,26.882,34.702,46.921,22.972
242.31,23.949,25.415,26.393,34.702,46.921,22.483
242.89,23.949,24.927,26.882,35.191,46.921,22.483
243.48,23.949,24.927,26.882,35.191,46.921,22.972
244.07,23.949,25.415,26.882,35.191,46.921,22.972
244.68,23.46,24.927,26.882,35.191,46.921,22.972
245.28,23.949,25.415,26.882,34.702,47.41,22.972
245.86,23.949,24.927,26.882,35.191,47.41,22.972
246.45,23.949,25.415,26.882,34.702,47.41,22.972
247.04,23.949,25.415,26.882,35.191,47.41,22.972
247.63,23.949,24.927,26.882,35.191,47.41,22.972
248.23,23.949,24.927,26.882,35.191,47.41,22.972
248.83,23.949,25.415,26.882,35.191,47.41,22.972
249.43,23.949,24.927,26.882,35.191,47.41,22.972
250.01,23.949,25.415,26.882,35.191,47.41,22.972
250.6,23.949,25.415,26.882,35.191,47.41,22.972
251.2,23.949,25.415,26.882,35.191,47.41,22.972
251.8,23.949,25.415,26.882,35.191,47.41,22.972
252.39,23.949,25.415,26.882,35.191,47.41,22.483
253,23.949,25.415,26.882,35.191,47.41,22.972
253.61,23.949,25.415,26.882,35.191,47.41,22.483
254.19,23.949,25.415,27.37,35.191,47.41,22.972
254.79,23.949,25.415,26.882,35.191,47.41,22.972
255.39,23.949,25.415,26.882,35.679,47.41,22.972
255.99,23.949,25.415,26.882,35.191,47.898,22.972
256.58,23.949,24.927,26.882,35.679,47.41,22.972
257.17,23.949,25.415,26.882,35.191,47.898,22.972
257.76,23.949,25.415,27.37,35.679,47.898,22.972
258.35,23.949,25.415,26.882,35.679,47.898,22.972
258.94,23.949,25.415,27.37,35.191,47.41,22.972
259.54,23.949,25.415,26.882,35.679,47.898,22.972
260.14,23.949,25.415,26.882,35.679,47.898,22.972
260.72,23.949,25.415,27.37,35.679,47.898,22.972
261.33,23.949,25.415,26.882,35.679,47.898,22.972
261.91,23.949,25.415,27.37,35.679,47.898,22.972
262.5,23.949,25.415,27.37,35.679,47.898,22.483
263.1,23.949,25.415,26.882,35.679,47.898,22.972
263.68,23.949,25.415,27.37,35.679,47.898,22.972
264.27,23.949,25.415,27.37,35.679,47.898,22.972
264.87,23.949,25.415,27.37,35.679,48.387,22.972
265.46,23.949,25.415,27.37,35.679,48.387,22.972
266.07,23.949,25.415,27.37,35.679,48.387,22.972
266.66,23.46,25.415,27.37,35.679,48.387,22.972
267.25,23.949,25.415,27.37,35.679,48.387,22.972
267.84,23.949,25.415,27.37,35.679,48.387,22.972
268.42,23.949,25.415,27.37,35.679,47.898,22.483
269.01,23.949,25.415,27.37,36.168,48.387,22.972
269.6,23.949,25.415,27.37,35.679,48.387,22.972
270.19,23.949,25.415,27.37,35.679,48.387,22.972
270.8,23.949,25.415,27.37,35.679,48.387,22.972
271.4,23.949,25.904,27.37,36.168,48.387,22.483
272.01,23.949,25.415,27.37,35.679,48.387,22.972
272.6,23.949,25.415,27.37,36.168,48.387,22.972
273.2,23.949,25.415,27.37,36.168,48.387,22.483
273.8,23.949,25.415,27.37,36.168,48.387,22.972
274.4,23.949,25.415,27.37,36.168,48.387,22.972
275,23.949,25.415,27.37,36.168,48.387,22.972
275.58,23.949,25.415,27.37,36.168,48.387,22.972
276.17,23.949,25.415,27.37,36.168,48.387,22.483
276.78,23.46,25.415,27.37,36.168,48.387,22.972
277.38,23.949,25.415,27.859,36.168,48.387,22.972
277.99,23.949,25.415,27.37,36.168,48.387,22.483
278.58,23.949,25.415,27.859,36.168,48.876,22.972
279.18,23.949,25.415,27.37,36.168,48.876,22.483
279.78,23.949,25.415,27.37,36.168,48.876,22.972
280.37,23.949,25.415,27.37,36.168,48.876,22.972
280.97,23.949,25.415,27.859,36.168,48.876,22.972
281.55,23.949,25.415,27.859,36.168,48.876,22.972
282.14,23.949,25.904,27.859,36.168,48.876,22.972
282.75,23.949,25.415,27.859,36.657,48.876,22.972
283.34,23.949,25.415,27.859,36.657,48.876,22.483
283.93,23.949,25.415,27.859,36.168,48.876,22.483
284.51,23.949,25.904,27.37,36.657,48.876,22.972
285.12,23.949,25.415,27.859,36.657,48.876,22.972
285.72,23.949,25.904,27.37,36.168,49.365,22.972
286.31,23.949,25.415,27.859,36.657,48.876,22.972
286.89,23.949,25.904,27.859,36.657,48.876,22.972
287.49,23.949,25.415,27.859,36.657,48.876,22.972
288.08,23.949,25.415,27.859,36.657,48.876,22.972
288.67,23.949,25.904,27.859,36.657,48.876,22.972
289.28,23.949,25.415,27.859,36.657,49.365,22.972
289.87,24.438,25.904,27.859,36.657,49.365,22.972
290.46,23.949,25.904,27.859,37.146,49.365,22.972
291.05,23.949,25.415,27.859,36.657,49.365,22.972
291.64,23.949,25.904,27.859,36.657,49.365,22.972
292.25,24.438,25.904,27.37,37.146,49.365,22.972
292.84,23.949,25.415,27.859,36.657,49.365,22.972
293.42,23.949,25.904,27.859,37.146,49.365,22.972
294.02,23.949,25.904,27.859,36.657,49.365,22.972
294.61,23.949,25.415,27.859,36.657,49.365,22.972
295.2,23.949,25.904,27.859,37.146,49.365,22.483
295.79,23.949,25.415,27.859,37.146,49.365,22.972
296.39,23.949,25.415,27.859,37.146,49.365,22.972
296.99,23.949,25.904,27.859,37.146,49.365,22.972
297.58,23.949,25.904,27.859,37.146,49.365,22.972
298.18,23.949,25.904,27.859,36.657,49.853,22.972
298.76,23.949,25.904,27.859,37.146,49.365,22.972
299.36,23.949,25.904,27.859,37.146,49.853,22.972
299.96,23.949,25.904,27.859,37.146,49.365,22.972
300.55,23.949,25.415,28.348,37.146,49.365,22.972
301.14,23.949,25.904,28.348,37.146,49.853,22.972
301.74,23.949,25.904,28.348,37.634,49.853,22.972
302.35,24.438,25.904,28.348,37.146,49.853,22.972
302.95,23.949,25.904,28.348,37.146,49.853,22.972
303.54,23.949,25.904,28.348,37.146,49.853,22.972
304.15,23.949,25.904,28.348,37.146,49.853,22.972
304.73,23.949,25.904,28.348,37.146,49.853,22.483
305.33,23.949,25.904,28.348,37.146,49.853,22.972
305.91,23.949,25.904,28.348,37.146,49.853,22.483
306.5,24.438,25.904,28.348,37.634,49.853,22.972
307.1,23.949,25.904,28.348,37.634,49.853,22.972
307.69,23.949,25.904,28.348,37.634,49.853,22.972
308.29,24.438,25.904,28.348,37.634,49.853,22.972
308.89,23.949,25.904,28.348,37.634,49.853,22.972
309.48,23.949,25.904,28.348,37.634,49.853,22.972
310.09,23.949,25.904,28.348,37.634,49.853,22.972
310.69,24.438,25.904,28.348,37.634,49.853,22.972
311.28,24.438,25.904,28.348,37.634,49.853,22.972
311.88,24.438,25.904,28.348,37.634,50.342,22.483
312.48,24.438,25.904,28.348,37.634,50.342,22.972
313.07,23.949,25.904,28.348,37.634,50.342,22.972
313.67,24.438,25.904,28.348,38.123,49.853,22.483
314.26,24.438,25.904,28.348,37.634,49.853,22.972
314.86,23.949,25.904,28.348,37.634,49.853,22.972
315.45,24.438,25.904,28.348,37.634,49.853,22.972
316.04,23.949,26.393,28.348,37.634,49.853,22.972
316.63,23.949,25.904,28.837,37.634,49.853,22.972
317.22,24.438,25.904,28.348,37.634,49.853,22.972
317.82,24.438,25.904,28.837,38.123,49.853,22.972
318.42,24.438,25.904,28.348,37.634,49.365,22.972
319.03,24.438,25.904,28.348,38.123,49.365,22.972
319.62,24.438,25.904,28.348,37.634,49.365,22.972
320.21,23.949,25.904,28.348,38.123,49.365,22.972
320.81,24.438,25.904,28.837,38.123,49.365,22.483
321.41,24.438,25.904,28.837,37.634,48.876,22.972
322,24.438,25.904,28.837,38.123,48.876,22.972
322.6,24.438,25.904,28.348,38.123,48.876,22.972
323.2,23.949,25.904,28.837,38.123,48.876,22.483
323.78,24.438,26.393,28.837,38.123,48.876,22.972
324.37,24.438,25.904,28.348,38.123,48.387,22.972
324.97,24.438,25.904,28.837,38.123,48.387,22.972
325.56,23.949,25.904,28.837,38.123,48.387,22.972
326.16,23.949,25.904,28.837,38.123,48.387,22.972
326.75,24.438,26.393,28.348,38.123,48.387,22.972
327.34,24.438,25.904,28.837,38.123,48.387,22.972
327.95,24.438,25.904,28.837,38.123,47.898,22.972
328.55,24.438,25.904,28.837,38.123,47.898,22.972
329.14,24.438,25.904,28.837,38.123,47.898,22.483
329.73,23.949,26.393,28.837,38.123,47.898,22.972
330.31,24.438,25.904,28.837,38.612,47.41,22.972
330.92,24.438,25.904,28.837,38.612,47.898,22.972
331.52,24.438,25.904,28.837,38.123,47.898,22.972
332.12,24.438,26.393,28.837,38.612,47.41,22.972
332.71,24.438,25.904,28.837,38.123,47.41,22.972
333.31,24.438,26.393,28.837,38.612,47.41,22.972
333.9,24.438,26.393,28.837,38.123,47.41,22.972
334.49,24.438,25.904,28.837,38.123,46.921,22.972
335.09,24.438,25.904,28.837,38.612,46.921,22.972
335.69,24.438,26.393,28.837,38.612,46.921,22.972
336.28,24.438,26.393,28.837,38.612,46.921,22.972
336.87,24.438,26.393,29.326,38.612,46.921,22.972
337.46,24.438,26.393,28.837,38.612,46.921,22.972
338.05,24.438,25.904,28.837,38.612,46.921,22.972
338.63,24.438,26.393,28.837,38.612,46.921,22.972
339.23,24.438,26.393,29.326,38.612,46.432,22.972
339.82,24.438,25.904,29.326,38.612,46.432,22.483
340.42,24.438,26.393,29.326,38.612,46.432,22.972
341.01,24.438,26.393,29.326,38.612,45.943,22.972
341.6,24.438,26.393,29.326,38.612,46.432,22.972
342.2,24.438,26.393,28.837,38.612,45.943,22.972
342.79,24.438,26.393,28.837,38.612,45.943,22.972
343.36,24.438,26.393,28.837,38.612,45.943,22.972
343.95,24.438,25.904,29.326,38.612,45.943,22.972
344.55,24.438,26.393,29.326,38.612,45.943,22.972
345.15,24.438,26.393,29.326,38.612,45.943,22.972
345.75,24.438,26.393,29.326,38.612,45.943,22.972
346.34,24.438,26.393,29.326,38.612,45.455,22.972
346.93,24.438,26.393,28.837,38.612,45.455,22.972
347.52,24.438,26.393,29.326,38.612,45.455,22.972
348.13,24.438,26.393,29.326,38.612,45.455,22.972
348.72,24.438,26.393,29.326,38.612,45.455,22.972
349.31,24.438,26.393,29.326,38.123,45.455,22.972
349.91,24.438,26.393,29.326,38.612,44.966,22.972
350.51,24.438,26.393,29.326,38.612,45.455,22.972
351.1,24.438,26.393,29.326,38.612,44.966,22.972
351.7,24.438,26.393,29.326,38.612,44.966,22.972
352.28,24.927,26.393,29.814,38.612,44.966,22.972
352.87,24.438,26.393,29.326,38.612,44.966,22.972
353.47,24.438,26.393,29.326,38.612,44.966,22.972
354.07,24.438,26.393,29.326,38.612,44.966,22.972
354.65,24.927,26.393,29.326,38.612,44.477,22.972
355.24,24.438,26.393,29.326,38.612,44.477,22.972
355.85,24.438,26.393,29.326,38.612,44.477,22.972
356.46,24.438,26.393,29.326,38.123,44.477,22.972
357.04,24.438,26.393,29.326,38.612,44.477,22.972
357.64,24.438,26.393,29.326,38.612,43.988,22.972
358.24,24.438,26.393,29.814,38.123,43.988,22.972
358.83,24.438,26.393,29.326,38.612,44.477,22.972
359.44,24.438,26.393,29.814,38.123,43.988,22.972
360.03,24.927,26.393,29.326,38.123,43.988,22.972
360.63,24.438,26.393,29.814,38.123,43.988,22.972
361.22,24.438,26.393,29.326,38.123,43.988,22.972
361.83,24.438,26.393,29.326,38.612,43.988,22.972
362.43,24.438,26.393,29.326,38.123,43.988,22.972
363.03,24.438,26.393,29.326,38.123,43.988,22.972
363.64,24.438,26.393,29.326,38.123,43.988,22.972
364.24,24.438,26.393,29.326,38.123,43.5,22.972
364.85,24.438,26.393,29.814,38.123,43.5,22.972
365.45,24.438,26.393,29.814,38.123,43.5,22.972
366.04,24.927,26.393,29.814,38.123,43.5,22.972
366.63,24.927,26.882,29.814,38.123,43.988,22.972
367.23,24.438,26.393,29.814,38.123,43.5,22.972
367.82,24.927,26.393,29.814,38.123,43.5,22.972
368.41,24.438,26.393,29.326,38.123,43.5,22.972
369,24.438,26.393,29.814,38.123,43.5,22.483
369.59,24.438,26.393,29.814,38.123,43.5,22.972
370.17,24.927,26.393,29.814,38.123,43.011,22.972
370.77,24.927,26.882,29.814,38.123,43.011,22.972
371.37,24.438,26.882,29.814,38.123,43.011,22.972
371.96,24.438,26.882,29.814,38.123,43.011,22.972
372.55,24.927,26.393,29.814,38.123,43.011,22.972
373.14,24.927,26.882,29.814,38.123,43.011,22.483
373.74,24.927,26.393,29.326,38.123,43.011,22.972
374.33,24.927,26.882,29.814,37.634,43.011,22.972
374.94,24.927,26.393,29.814,37.634,42.522,22.972
375.54,24.438,26.882,29.814,37.634,43.011,22.483
376.14,24.927,26.393,29.814,37.634,42.522,22.972
376.73,24.438,26.882,29.814,38.123,42.522,22.972
377.33,24.927,26.393,29.814,38.123,42.522,22.972
377.92,24.438,26.882,29.814,38.123,42.522,22.972
378.51,24.927,26.882,29.814,38.123,42.522,22.972
379.11,24.927,26.882,29.814,38.123,42.522,22.972
379.7,24.927,26.882,29.814,38.123,42.522,22.972
380.29,24.927,26.882,29.814,38.123,42.522,22.972
380.89,24.927,26.882,29.814,38.123,42.522,22.972
381.49,24.927,26.882,29.814,37.634,42.033,22.972
382.09,24.927,26.393,29.814,38.123,42.033,22.972
382.69,24.438,26.882,29.814,38.123,42.033,22.972
383.3,24.927,26.882,29.814,37.634,42.033,22.972
383.88,24.927,26.882,29.814,37.634,42.033,22.972
384.47,24.927,26.882,29.814,37.634,42.033,22.972
385.07,24.927,26.882,29.814,37.634,42.033,22.972
385.66,24.927,26.882,29.814,38.123,41.544,22.972
386.25,24.927,26.882,29.814,37.634,41.544,22.483
386.85,24.927,26.882,29.814,37.634,42.033,22.972
387.44,24.438,26.882,29.814,37.634,41.544,22.483
388.03,24.927,26.882,29.814,37.634,41.544,22.972
388.63,24.927,26.882,30.303,37.634,41.544,22.972
389.22,24.927,26.882,29.814,37.634,41.544,22.972
389.82,24.927,26.882,29.814,38.123,41.544,22.483
390.42,24.927,26.882,29.814,37.634,41.544,22.972
391.01,24.927,26.882,30.303,37.634,41.544,22.972
391.61,24.927,26.882,30.303,37.634,41.544,22.972
392.2,24.927,26.882,30.303,37.634,41.544,22.972
392.8,24.927,26.882,30.303,37.634,41.544,22.483
393.4,24.927,27.37,29.814,37.634,41.544,22.972
393.99,24.927,26.882,30.303,37.634,41.056,22.972
394.59,24.927,26.882,29.814,37.634,41.056,22.972
395.18,24.927,26.882,30.303,37.634,41.544,22.972
395.78,24.927,26.882,30.303,37.634,41.056,22.972
396.37,24.927,26.882,30.303,37.634,41.056,22.972
396.96,24.927,26.882,30.303,37.634,41.056,22.972
397.55,24.927,26.882,30.303,37.634,41.056,22.972
398.15,24.927,26.882,30.303,37.634,41.056,22.972
398.75,24.927,26.882,30.303,37.634,41.056,22.972
399.35,24.927,26.882,30.303,37.634,41.056,22.972
399.93,24.927,26.882,29.814,37.634,41.056,22.972
400.54,24.927,26.882,30.303,37.634,41.056,22.972
401.12,24.927,26.882,29.814,37.634,41.056,22.483
401.72,24.927,26.882,29.814,37.634,40.567,22.972
402.3,24.927,26.882,30.303,37.634,41.056,22.972
402.9,24.927,26.882,30.303,37.634,40.567,22.972
403.5,24.927,26.882,30.303,37.634,40.567,22.972
404.1,24.927,26.882,30.303,37.634,40.567,22.972
404.69,24.927,26.882,30.303,37.634,40.567,22.972
405.28,24.927,26.882,30.303,37.634,40.567,22.972
405.88,24.927,26.882,30.303,37.634,40.567,22.972
406.48,24.927,26.882,30.303,37.634,40.567,22.972
407.07,24.927,26.882,30.303,37.634,40.567,22.972
407.67,24.927,26.882,30.303,37.634,40.567,22.972
408.26,24.927,27.37,30.303,37.634,40.567,22.972
408.85,24.927,26.882,30.303,37.634,40.078,22.972
409.44,24.927,26.882,30.303,37.634,40.078,22.972
410.04,25.415,27.37,30.303,37.146,40.078,22.972
410.62,24.927,26.882,30.303,37.634,40.078,22.972
411.21,24.927,27.37,30.303,37.634,40.078,22.972
411.81,24.927,26.882,30.303,37.146,40.078,22.972
412.39,25.415,27.37,30.303,37.146,40.078,22.483
412.99,24.927,27.37,30.303,37.634,40.078,22.483
413.59,25.415,27.37,30.303,37.146,40.078,22.972
414.18,24.927,27.37,30.303,37.146,40.078,22.972
414.76,24.927,27.37,30.303,37.146,40.078,22.972
415.37,24.927,27.37,30.303,37.146,40.078,22.972
415.95,24.927,26.882,30.303,37.146,39.589,22.972
416.55,25.415,27.37,30.303,37.146,39.589,22.972
417.14,25.415,27.37,30.303,37.146,39.589,22.972
417.74,24.927,27.37,30.303,37.146,40.078,22.972
418.34,25.415,27.37,30.303,37.146,39.589,22.972
418.92,24.927,27.37,30.303,37.146,39.589,22.972
419.52,25.415,27.37,30.303,37.146,39.589,22.972
420.11,25.415,27.37,30.303,37.146,39.589,22.972
420.71,25.415,27.37,30.303,37.146,39.589,22.972
421.31,25.415,27.37,30.303,37.146,39.589,22.972
421.9,25.415,27.37,30.792,37.146,39.589,22.972
422.48,25.415,27.37,30.303,37.146,39.589,22.972
423.09,24.927,27.37,30.303,37.146,39.589,22.972
423.7,25.415,27.37,30.303,37.146,39.589,22.972
424.3,25.415,27.37,30.303,37.146,39.589,22.972
424.9,25.415,27.37,30.303,37.146,39.589,22.972
425.49,25.415,27.37,30.303,37.146,39.589,22.972
426.09,25.415,27.37,30.303,37.146,39.101,22.972
426.69,25.415,27.37,30.303,37.146,39.589,22.972
427.27,25.415,27.37,30.303,37.146,39.589,22.972
427.87,24.927,27.37,30.303,37.146,39.101,22.972
428.45,25.415,27.37,30.303,37.146,39.101,22.972
429.05,25.415,27.37,30.792,36.657,39.101,22.972
429.64,24.927,27.37,30.303,37.146,39.101,22.972
430.22,25.415,27.37,30.303,37.146,39.101,22.972
430.82,25.415,27.37,30.303,37.146,39.101,22.972
431.41,25.415,27.37,30.303,36.657,39.101,22.972
432,25.415,27.37,30.792,37.146,39.101,22.972
432.59,25.415,27.37,30.303,37.146,39.101,22.972
433.18,25.415,27.37,30.303,36.657,39.101,22.972
433.78,25.415,27.37,30.303,36.657,39.101,22.972
434.38,25.415,27.37,30.303,36.657,39.101,22.972
434.97,25.415,27.37,30.303,36.657,38.612,22.483
435.57,25.415,27.37,30.303,36.657,38.612,22.972
436.16,25.415,27.37,30.303,36.657,38.612,22.972
436.76,25.415,27.37,30.303,36.657,38.612,22.972
437.35,25.415,27.37,30.303,36.657,38.612,22.972
437.94,25.415,27.37,30.792,36.657,38.612,22.972
438.54,25.415,27.859,30.303,36.657,38.612,22.972
439.14,25.415,27.37,30.303,36.657,38.612,22.972
439.73,25.415,27.37,30.303,36.657,39.101,22.972
440.32,25.415,27.37,30.792,36.657,38.612,22.972
440.92,25.415,27.37,30.303,36.657,38.612,22.972
441.5,25.415,27.37,30.303,36.657,38.612,22.972
442.1,25.415,27.37,30.792,36.657,38.612,22.972
442.69,25.415,27.37,30.303,36.657,38.612,22.972
443.29,25.415,27.37,30.303,36.657,38.123,22.972
443.89,25.415,27.37,30.303,36.657,38.612,22.972
444.48,25.415,27.37,30.792,36.657,38.612,22.972
445.07,25.415,27.859,30.303,36.657,38.612,22.972
445.66,25.415,27.37,30.792,36.657,38.123,22.972
446.26,25.415,27.859,30.792,36.657,38.123,22.972
446.86,25.415,27.37,30.303,36.657,38.612,22.972
447.45,25.415,27.37,30.792,36.657,38.612,22.972
448.04,25.415,27.859,30.792,36.657,38.123,22.972
448.62,25.415,27.37,30.303,36.657,38.123,22.483
449.21,25.415,27.37,30.792,36.657,38.123,22.972
449.79,25.415,27.37,30.303,36.657,38.123,22.972
450.38,25.415,27.37,30.303,36.657,38.123,22.972
450.98,25.904,27.37,30.792,36.168,38.123,22.972
451.57,25.415,27.859,30.303,36.657,38.123,22.972
452.16,25.904,27.859,30.792,36.168,38.123,22.972
452.75,25.415,27.859,30.303,36.168,38.123,22.483
453.34,25.415,27.37,30.303,36.657,38.123,22.972
453.94,25.415,27.859,30.792,36.657,38.123,22.972
454.53,25.415,27.37,30.792,36.168,38.123,22.972
455.12,25.415,27.37,30.792,36.168,38.123,22.972
455.72,25.415,27.37,30.303,36.168,38.123,22.972
456.31,25.415,27.859,30.792,36.168,38.123,22.972
456.89,25.415,27.37,30.303,36.657,38.123,22.972
457.48,25.415,27.859,30.792,36.168,38.123,22.972
458.09,25.415,27.859,30.792,36.168,38.123,22.972
458.68,25.904,27.859,30.792,36.168,38.123,22.972
459.26,25.904,27.859,30.792,36.168,38.123,22.972
459.85,25.415,27.859,30.303,36.168,37.634,22.972
460.45,25.415,27.859,30.792,36.168,37.634,22.972
461.04,25.904,27.859,30.792,36.168,37.634,22.972
461.64,25.415,27.859,30.303,36.168,37.634,22.972
462.23,25.415,27.859,30.792,36.657,37.634,22.972
462.82,25.415,27.859,30.792,36.168,37.634,22.972
463.41,25.415,27.859,30.792,36.168,37.634,22.972
464,25.415,27.859,30.792,36.168,37.634,22.972
464.6,25.415,27.859,30.792,36.168,37.634,22.972
465.2,25.415,27.859,30.792,36.168,37.634,22.972
465.79,25.904,27.859,30.792,36.168,37.634,22.972
466.4,25.904,27.859,30.792,36.168,37.634,22.972
466.98,25.904,27.859,30.792,36.168,37.634,22.972
467.59,25.904,27.859,30.303,36.168,37.634,22.972
468.18,25.904,27.859,30.792,36.168,37.634,22.483
468.77,25.415,27.859,30.792,36.168,37.634,22.972
469.36,25.904,27.859,30.792,36.168,37.634,22.972
469.94,25.904,27.859,30.792,36.168,37.634,22.972
470.52,25.904,27.859,30.792,36.168,37.634,22.483
471.11,25.415,27.859,30.792,36.168,37.634,22.972
471.71,25.904,27.859,30.792,36.168,37.634,22.972
472.3,25.904,27.859,30.792,36.168,37.146,22.972
472.88,25.415,27.859,30.303,36.168,37.146,22.972
473.49,25.904,28.348,30.792,36.168,37.634,22.972
474.09,25.904,27.859,30.792,36.168,37.634,22.972
474.69,25.904,27.859,30.792,36.168,37.146,22.972
475.27,25.904,27.859,30.792,36.168,37.146,22.972
475.87,25.904,27.859,30.792,36.168,37.146,22.972
476.47,25.904,27.859,30.792,36.168,37.146,22.972
477.07,25.904,27.859,30.303,35.679,37.146,22.972
477.65,25.904,27.859,30.792,36.168,37.146,22.972
478.24,25.904,27.859,30.792,35.679,37.146,22.972
478.83,25.904,27.859,30.792,36.168,37.146,22.972
479.43,25.904,27.859,30.792,35.679,37.146,22.972
480.02,25.904,27.859,30.792,35.679,37.146,22.972
480.62,25.904,27.859,30.303,35.679,37.146,22.972
481.21,25.415,27.859,30.792,36.168,37.146,22.972
481.8,25.904,27.859,30.792,35.679,37.146,22.972
482.39,25.904,28.348,30.792,36.168,37.146,22.972
482.98,25.904,27.859,30.792,35.679,37.146,22.972
483.57,25.904,27.859,30.792,35.679,37.146,22.972
484.17,25.904,27.859,30.303,35.679,37.146,22.972
484.75,25.904,27.859,30.792,35.679,37.146,22.972
485.34,25.904,27.859,30.792,35.679,36.657,22.972
485.93,25.904,27.859,30.792,35.679,37.146,22.972
486.52,25.904,27.859,30.792,35.679,36.657,22.972
487.12,25.904,27.859,30.792,35.679,37.146,22.972
487.73,25.904,27.859,30.792,35.679,37.146,22.972
488.32,25.904,27.859,30.792,35.679,36.657,22.972
488.92,25.904,27.859,30.792,35.679,36.657,22.972
489.52,25.904,27.859,30.792,35.679,36.657,22.972
490.12,25.904,27.859,30.792,35.679,36.657,22.972
490.71,25.904,27.859,30.792,35.679,36.657,22.972
491.3,25.904,27.859,30.792,35.679,36.657,22.972
491.9,25.904,27.859,30.792,35.191,36.657,22.972
492.5,25.904,28.348,30.303,35.679,36.657,22.972
493.1,25.904,28.348,30.792,35.679,36.657,22.972
493.69,25.904,27.859,30.792,35.679,36.657,22.972
494.29,25.904,28.348,30.792,35.679,36.657,22.972
494.89,25.904,27.859,30.303,35.679,36.657,22.483
495.5,25.904,27.859,30.792,35.679,36.657,22.972
496.1,25.904,27.859,30.792,35.679,36.657,22.972
496.69,25.904,27.859,30.792,35.679,36.657,22.972
497.3,25.904,28.348,30.792,35.679,36.168,22.972
497.89,25.904,28.348,30.303,35.679,36.657,22.972
498.49,25.904,27.859,30.792,35.191,36.657,22.972
499.09,25.904,27.859,30.792,35.679,36.657,22.972
499.69,25.904,28.348,30.792,35.679,36.657,22.972
500.29,25.904,27.859,30.792,35.679,36.168,22.972
500.88,25.904,28.348,30.792,35.191,36.168,22.972
501.48,25.904,27.859,30.792,35.679,36.657,22.972
502.08,25.904,28.348,30.792,35.679,36.168,22.972
502.67,25.904,28.348,30.792,35.679,36.168,22.972
503.26,26.393,27.859,30.792,35.191,36.168,22.972
503.86,25.904,27.859,30.792,35.679,36.168,22.972
504.46,25.904,28.348,30.792,35.191,36.168,22.972
505.05,25.904,27.859,30.792,35.191,36.168,22.972
505.64,25.904,28.348,30.792,35.191,36.168,22.972
506.25,25.904,27.859,30.792,35.191,36.168,22.972
506.85,25.904,27.859,30.792,35.191,36.168,22.972
507.45,25.904,28.348,30.792,35.191,36.168,22.972
508.04,25.904,28.348,30.792,35.191,36.168,22.972
508.63,26.393,28.348,30.792,35.191,36.168,22.972
509.22,25.904,27.859,30.792,35.679,36.168,22.972
509.81,26.393,28.348,30.792,35.191,36.168,22.972
510.41,25.904,28.348,30.792,35.191,36.168,22.972
511.01,26.393,28.348,30.792,35.191,35.679,22.972
511.61,26.393,28.348,30.792,35.191,36.168,22.483
512.21,26.393,28.348,30.792,35.191,36.168,22.483
512.81,26.393,28.348,30.792,35.191,35.679,22.972
513.41,26.393,28.348,30.792,35.191,36.168,22.972
514.01,25.904,28.348,30.792,35.191,36.168,22.972
514.6,25.904,28.348,30.303,35.191,35.679,22.972
515.2,26.393,28.348,30.792,35.191,35.679,22.972
515.78,26.393,28.348,30.792,35.191,35.679,22.972
516.37,25.904,28.348,30.792,35.191,35.679,22.972
516.97,26.393,28.348,30.792,35.191,35.679,22.972
517.56,25.904,28.348,30.792,35.191,35.679,22.972
518.15,26.393,28.348,30.792,35.191,36.168,22.972
518.74,26.393,28.348,30.303,35.191,35.679,22.972
519.34,26.393,28.348,30.792,35.191,35.679,22.972
519.94,26.393,28.348,30.792,35.191,35.679,22.972
520.52,26.393,28.348,30.792,34.702,35.679,22.483
521.11,26.393,28.348,30.792,35.191,35.679,22.972
521.7,26.393,28.348,30.792,35.191,35.679,22.972
522.3,26.393,28.348,30.792,35.191,35.679,22.972
522.89,26.393,28.348,30.792,35.191,35.679,22.972
523.48,26.393,28.348,30.792,35.191,35.679,22.972
524.09,26.393,28.348,30.792,34.702,35.679,22.972
524.7,26.393,28.348,30.792,35.191,35.679,22.972
525.3,26.393,28.348,30.303,35.191,35.679,22.972
525.9,26.393,28.348,30.792,35.191,35.679,22.972
526.48,26.882,28.348,30.792,35.191,35.679,22.972
527.07,26.393,28.348,30.792,35.191,35.679,22.972
527.67,26.393,28.348,30.792,34.702,35.679,22.972
528.25,26.393,28.348,30.792,34.702,35.679,22.972
528.84,26.393,28.348,30.792,34.702,35.679,22.972
529.44,26.393,28.348,30.792,34.702,35.679,22.972
530.04,26.393,28.348,30.792,34.702,35.679,22.972
530.63,26.393,28.348,30.792,34.702,35.191,22.483
531.23,26.393,28.348,30.792,34.702,35.191,22.972
531.82,26.393,28.348,30.792,35.191,35.679,22.972
532.42,26.393,28.348,30.792,35.191,35.191,22.972
533.01,26.393,28.348,30.792,34.702,35.191,22.972
533.61,26.393,28.348,30.792,34.702,35.191,22.972
534.22,26.393,28.348,30.792,34.702,35.679,22.972
534.82,26.393,28.348,30.792,34.702,35.679,22.972
535.41,26.393,28.348,30.792,35.191,35.191,22.972
536.01,26.393,28.348,30.792,34.702,35.191,22.972
536.61,26.393,28.348,30.792,34.702,35.191,22.972
537.21,26.393,28.348,30.792,34.702,35.679,22.972
537.8,26.393,28.348,30.792,34.702,35.191,22.972
538.4,26.393,28.348,30.303,34.702,35.191,22.972
538.99,26.393,28.348,30.792,34.702,35.191,22.972
539.59,26.393,28.348,30.792,34.702,35.191,22.972
540.2,26.393,28.348,30.792,34.702,35.191,22.972
540.78,26.882,28.348,30.792,34.702,35.191,22.972
541.37,26.393,28.348,30.792,34.702,35.191,22.972
541.98,26.393,28.348,30.792,34.702,35.191,22.972
542.59,26.393,28.348,30.792,34.702,35.191,22.972
543.18,26.393,28.348,30.792,34.702,35.191,22.972
543.78,26.882,28.348,30.792,34.702,35.191,22.972
544.38,26.393,28.348,30.792,34.702,35.191,22.972
544.97,26.393,28.837,30.792,34.702,35.191,22.972
545.55,26.882,28.348,30.792,34.702,35.191,22.972
546.13,26.393,28.348,30.792,34.702,35.191,22.972
546.73,26.393,28.348,30.792,34.702,34.702,22.972
547.33,26.393,28.348,30.792,34.702,34.702,22.972
547.92,26.882,28.348,30.792,34.702,35.191,22.972
548.5,26.393,28.348,30.792,34.702,35.191,22.972
549.1,26.393,28.348,30.303,34.702,34.702,22.972
549.7,26.882,28.348,30.792,34.213,35.191,22.972
550.3,26.393,28.837,30.792,34.702,35.191,22.972
550.9,26.393,28.348,30.792,34.702,35.191,22.972
551.49,26.393,28.348,30.792,34.213,34.702,22.972
552.08,26.882,28.348,30.303,34.213,34.702,22.972
552.68,26.882,28.348,30.303,34.702,34.702,22.972
553.28,26.393,28.837,30.792,34.702,34.702,22.972
553.88,26.393,28.348,30.792,34.702,34.702,22.972
554.48,26.882,28.348,30.792,34.702,34.702,22.972
555.07,26.882,28.837,30.792,34.213,34.702,22.972
555.68,26.393,28.348,30.792,34.213,34.702,22.972
556.28,26.882,28.348,30.303,34.213,34.702,22.972
556.86,26.882,28.348,30.792,34.213,34.702,22.972
557.45,26.393,28.837,30.303,34.213,34.702,22.972
558.03,26.882,28.837,30.792,34.213,34.702,22.972
558.61,26.393,28.837,30.792,34.213,34.702,22.972
559.2,26.393,28.348,30.792,34.702,34.702,22.972
559.81,26.882,28.348,30.303,34.213,34.702,22.972
560.41,26.393,28.837,30.792,34.213,34.702,22.483
560.99,26.882,28.837,30.792,34.213,34.702,22.972
561.6,26.882,28.348,30.792,34.213,34.702,22.972
562.21,26.393,28.837,30.792,34.213,34.702,22.483
562.81,26.882,28.348,30.303,34.213,34.702,22.483
563.4,26.393,28.837,30.303,34.213,34.702,22.972
564,26.882,28.348,30.792,34.213,34.702,22.483
564.6,26.882,28.348,30.792,34.213,34.702,22.972
565.2,26.882,28.837,30.792,34.213,34.702,22.483
565.81,26.882,28.348,30.303,34.213,34.702,22.972
566.41,26.882,28.837,30.792,34.213,34.702,22.972
567.02,26.882,28.348,30.792,34.213,34.702,22.972
567.61,26.882,28.348,30.792,34.213,34.702,22.972
568.2,26.882,28.837,30.792,34.213,34.213,22.972
568.8,26.882,28.348,30.792,34.213,34.702,22.972
569.39,26.882,28.837,30.792,34.213,34.702,22.483
569.98,26.882,28.837,30.303,34.213,34.213,22.972
570.58,26.882,28.837,30.792,34.213,34.702,22.972
571.17,26.882,28.837,30.303,34.213,34.702,22.972
571.77,26.882,28.837,30.303,34.213,34.213,22.972
572.37,26.882,28.837,30.792,34.213,34.213,22.972
572.97,26.882,28.837,30.303,34.213,34.702,22.972
573.56,26.882,28.837,30.792,34.213,34.213,22.972
574.16,26.882,28.348,30.792,34.213,34.702,22.972
574.75,26.882,28.837,30.303,34.213,34.213,22.972
575.35,26.882,28.348,30.303,33.724,34.213,22.972
575.95,26.882,28.348,30.792,34.213,34.213,22.972
576.54,26.882,28.837,30.303,34.213,34.213,22.972
577.15,26.882,28.837,30.792,34.213,34.213,22.972
577.75,26.882,28.348,30.303,34.213,34.702,22.972
578.34,26.882,28.837,30.303,33.724,34.213,22.972
578.94,26.882,28.348,30.303,33.724,34.213,22.972
579.54,26.882,28.348,30.792,34.213,34.213,22.483
580.13,26.882,28.837,30.792,34.213,34.213,22.972
580.72,26.882,28.837,30.303,33.724,34.213,22.972
581.31,26.882,28.837,30.792,34.213,34.213,22.972
581.9,26.882,28.837,30.792,33.724,34.213,22.972
582.51,26.882,28.837,30.792,33.724,34.213,22.972
583.1,26.882,28.837,30.792,34.213,34.213,22.972
583.7,26.882,28.348,30.303,34.213,34.213,22.972
584.29,26.882,28.837,30.792,33.724,34.213,22.972
584.91,26.882,28.837,30.792,33.724,34.213,22.972
585.5,26.882,28.837,30.303,33.724,34.213,22.972
586.09,26.882,28.837,30.792,33.724,34.213,22.972
586.69,26.882,28.837,30.792,33.724,34.213,22.972
587.28,26.882,28.348,30.303,33.724,34.213,22.483
587.87,26.882,28.837,30.303,33.724,34.213,22.972
588.47,26.882,28.837,30.792,34.213,34.213,22.972
589.07,26.882,28.837,30.303,33.724,34.213,22.483
589.66,26.882,28.837,30.792,34.213,34.213,22.972
590.26,26.882,28.837,30.792,33.724,34.213,22.972
590.85,26.882,28.837,30.792,33.724,34.213,22.972
591.44,26.882,28.837,30.303,33.724,34.213,22.972
592.03,26.882,28.837,30.792,33.724,34.213,22.972
592.61,26.882,28.837,30.792,33.724,34.213,22.972
593.2,26.882,28.837,30.303,33.724,34.213,22.972
593.8,26.882,28.837,30.792,33.724,34.213,22.972
594.39,26.882,28.837,30.303,33.724,34.213,22.972
594.98,26.882,28.837,30.303,33.724,34.213,22.972
595.57,26.882,28.837,30.792,33.724,34.213,22.972
596.16,26.882,28.837,30.303,33.724,33.724,22.972
596.75,26.882,28.837,30.303,33.724,34.213,22.972
597.35,26.882,28.837,30.303,33.724,34.213,22.972
597.95,26.882,28.837,30.303,33.724,33.724,22.972
598.54,26.882,28.837,30.792,33.724,33.724,22.972
599.14,27.37,28.837,30.303,33.724,33.724,22.972
599.73,26.882,28.837,30.303,33.724,33.724,22.972
600.34,26.882,28.837,30.303,33.236,33.724,22.972
600.92,27.37,28.837,30.303,33.724,33.724,22.972
601.5,26.882,28.837,30.303,33.724,33.724,22.483
602.1,26.882,28.837,30.792,33.724,33.724,22.972
602.69,26.882,28.837,30.792,33.236,33.724,22.972
603.28,26.882,29.326,30.303,33.724,33.724,22.972
603.87,26.882,28.837,30.303,33.724,33.724,22.972
604.46,26.882,28.837,30.303,33.724,33.236,22.483
605.05,26.882,28.837,30.303,33.724,33.724,22.972
605.65,26.882,28.837,30.303,33.236,33.724,22.483
606.24,27.37,28.837,30.303,33.236,33.724,22.483
606.84,27.37,28.837,30.303,33.724,33.724,22.972
607.43,26.882,28.837,30.303,33.724,33.724,22.972
608.01,27.37,28.837,30.792,33.236,33.724,22.972
608.61,27.37,28.837,30.792,33.724,33.724,22.972
609.19,26.882,28.837,30.303,33.236,33.724,22.972
609.79,26.882,28.837,30.792,33.236,33.724,22.972
610.37,26.882,28.837,30.303,33.724,33.724,22.483
610.98,26.882,28.837,30.303,33.724,33.724,22.972
611.57,27.37,28.837,30.303,33.236,33.236,22.972
612.16,26.882,28.837,30.792,33.236,33.236,22.972
612.74,26.882,28.837,30.303,33.236,33.724,22.972
613.34,27.37,28.837,30.303,33.724,33.724,22.483
613.94,27.37,28.837,30.303,33.236,33.236,22.972
614.52,27.37,28.837,30.303,33.724,33.724,22.972
615.13,27.37,28.837,30.303,33.236,33.724,22.972
615.72,27.37,28.837,30.303,33.236,33.236,22.972
616.3,27.37,28.837,30.303,33.724,33.724,22.483
616.91,26.882,29.326,30.303,33.236,33.724,22.972
617.51,26.882,28.837,30.303,33.236,33.724,22.483
618.11,26.882,28.837,30.303,33.236,33.236,22.972
618.7,26.882,28.837,30.303,33.236,33.724,22.972
619.3,27.37,28.837,30.303,33.236,33.236,22.972
619.89,26.882,28.837,30.303,33.236,33.724,22.972
620.48,27.37,28.837,30.303,33.236,33.236,22.972
621.08,27.37,28.837,30.303,33.236,33.236,22.972
621.67,27.37,28.837,30.792,33.236,33.724,22.972
622.26,27.37,28.837,30.303,33.236,33.236,22.972
622.86,27.37,28.837,30.303,33.236,33.236,22.483
623.45,27.37,28.837,30.303,33.236,33.236,22.972
624.04,27.37,28.837,30.303,33.236,33.236,22.972
624.64,27.37,28.837,30.303,33.236,33.236,22.972
625.23,26.882,28.837,30.303,33.236,33.236,22.972
625.82,27.37,28.837,30.303,33.236,33.236,22.972
626.42,27.37,28.837,30.303,33.236,33.236,22.972
627.02,27.37,28.837,30.303,33.236,33.236,22.483
627.61,27.37,28.837,30.792,33.236,33.236,22.972
628.2,27.37,28.837,30.303,33.236,33.236,22.972
628.79,27.37,28.837,30.303,33.236,33.236,22.972
629.39,27.37,28.837,30.303,33.236,33.236,22.483
629.99,27.37,28.837,30.303,33.236,33.236,22.483
630.58,27.37,28.837,30.303,33.236,33.236,22.972
631.17,27.37,28.837,30.303,33.236,33.236,22.483
631.76,27.37,28.837,30.303,33.236,33.236,22.972
632.36,26.882,28.837,30.303,33.236,33.236,22.483
632.95,27.37,29.326,30.303,33.236,33.236,22.972
633.53,27.37,28.837,30.303,33.236,33.236,22.972
634.12,27.37,28.837,30.303,33.236,33.236,22.972
634.71,27.37,28.837,30.303,33.236,33.236,22.972
635.3,27.37,29.326,30.303,33.724,33.236,22.972
635.9,27.37,28.837,30.303,32.747,33.236,22.972
636.5,27.37,28.837,30.303,33.236,33.236,22.483
637.11,27.37,28.837,30.303,33.236,33.236,22.483
637.69,27.37,28.837,30.303,33.236,33.236,22.972
638.28,27.37,28.837,30.303,33.236,33.236,22.972
638.87,27.37,28.837,30.303,33.236,33.236,22.972
639.47,27.37,28.837,30.303,33.236,33.236,22.972
640.06,27.37,28.837,30.303,33.236,33.236,22.972
640.65,27.37,28.837,30.303,32.747,33.236,22.972
641.25,27.37,28.837,30.303,33.236,33.236,22.972
641.85,27.37,28.837,30.303,33.236,33.236,22.972
642.46,27.37,28.837,30.303,33.236,33.236,22.972
643.05,27.37,28.837,30.303,33.236,33.236,22.972
643.65,27.37,28.837,30.303,33.236,33.236,22.972
644.25,27.37,28.837,30.303,32.747,33.236,22.972
644.83,27.37,28.837,30.303,33.236,33.236,22.972
645.42,27.37,28.837,30.303,33.236,33.236,22.972
646.02,27.37,28.837,30.303,33.236,33.236,22.972
646.62,27.37,29.326,30.303,32.747,32.747,22.972
647.23,27.37,28.837,30.303,33.236,33.236,22.972
647.83,27.37,28.837,30.303,33.236,33.236,22.972
648.43,27.37,28.837,30.303,32.747,32.747,22.972
649.02,27.37,28.837,30.303,32.747,33.236,22.972
649.61,27.37,28.837,30.303,32.747,32.747,22.972
650.21,27.37,28.837,30.303,32.747,33.236,22.483
650.8,27.37,28.837,30.303,32.747,33.236,22.483
651.41,27.37,28.837,30.303,32.747,33.236,22.972
652.01,27.37,28.837,30.303,32.747,32.747,22.972
652.6,27.37,28.837,30.303,32.747,32.747,22.972
653.19,27.37,28.837,30.303,32.747,33.236,22.972
653.78,27.37,28.837,30.303,32.747,32.747,22.483
654.37,27.37,29.326,30.303,32.747,32.747,22.972
654.95,27.37,29.326,30.303,32.747,32.747,22.972
655.54,27.37,28.837,30.303,33.236,32.747,22.972
656.12,27.37,28.837,30.303,32.747,32.747,22.483
656.71,27.37,28.837,30.303,32.747,32.747,22.972
657.3,27.37,28.837,30.303,32.747,32.747,22.483
657.89,27.37,29.326,30.303,32.747,32.747,22.972
658.49,27.37,28.837,30.303,32.747,32.747,22.972
659.09,27.37,29.326,30.303,32.747,32.747,22.972
659.69,27.37,28.837,30.303,32.747,32.747,22.972
660.29,27.37,28.837,30.303,32.747,32.747,22.972
660.89,27.37,28.837,30.303,32.747,32.747,22.972
661.49,27.37,28.837,30.303,32.747,33.236,22.972
662.07,27.37,29.326,29.814,32.747,32.747,22.972
662.66,27.37,28.837,30.303,32.747,32.747,22.972
663.25,27.37,28.837,30.303,32.747,32.747,22.972
663.85,27.37,28.837,30.303,32.747,32.747,22.972
664.46,27.37,28.837,30.303,32.747,33.236,22.972
665.04,27.37,28.837,30.303,32.747,32.747,22.972
665.63,27.37,28.837,30.303,32.747,32.747,22.972
666.22,27.37,28.837,30.303,32.747,32.747,22.483
666.82,27.37,29.326,30.303,32.747,32.747,22.972
667.41,27.37,28.837,30.303,32.747,32.747,22.972
668,27.37,29.326,30.303,32.747,32.747,22.972
668.59,27.37,28.837,30.303,32.747,32.747,22.483
669.19,27.37,28.837,30.303,32.747,32.747,22.972
669.79,27.37,29.326,30.303,32.747,32.747,22.483
670.38,27.37,28.837,30.303,32.747,32.747,22.972
670.98,27.37,28.837,30.303,32.747,32.747,22.483
671.58,27.37,29.326,30.303,32.747,32.747,22.972
672.18,27.37,29.326,30.303,32.747,32.747,22.972
672.77,27.859,29.326,30.303,32.747,32.747,22.483
673.38,27.37,29.326,30.303,32.747,32.258,22.972
673.96,27.37,28.837,30.303,32.747,32.747,22.972
674.56,27.37,29.326,30.303,32.747,32.747,22.483
675.16,27.859,28.837,30.303,32.747,32.747,22.972
675.77,27.37,29.326,30.303,32.747,32.747,22.972
676.36,27.37,28.837,30.303,32.747,32.258,22.972
676.96,27.37,28.837,30.303,32.747,32.747,22.972
677.56,27.37,29.326,29.814,32.747,32.747,22.972
678.15,27.37,28.837,30.303,32.747,32.258,22.972
678.74,27.37,29.326,30.303,32.747,32.747,22.972
679.35,27.37,28.837,30.303,32.747,32.258,22.483
679.95,27.859,28.837,30.303,32.258,32.258,22.972
680.54,27.37,29.326,30.303,32.747,32.747,22.972
681.12,27.37,28.837,30.303,32.747,32.258,22.483
681.72,27.859,29.326,29.814,32.747,32.258,22.972
682.32,27.37,29.326,30.303,32.747,32.258,22.972
682.91,27.37,29.326,30.303,32.258,32.258,22.972
683.5,27.37,29.326,29.814,32.747,32.258,22.972
684.09,27.859,29.326,30.303,32.258,32.258,22.483
684.68,27.859,28.837,30.303,32.258,32.258,22.972
685.29,27.37,28.837,30.303,32.258,32.258,22.972
685.88,27.859,29.326,30.303,32.747,32.258,22.972
686.47,27.859,29.326,30.303,32.258,32.258,22.972
687.06,27.37,28.837,30.303,32.747,32.258,22.972
687.66,27.859,28.837,30.303,32.747,32.258,22.483
688.24,27.37,28.837,30.303,32.258,32.258,22.972
688.82,27.859,28.837,29.814,32.258,32.258,22.483
689.42,27.859,28.837,30.303,32.258,32.258,22.972
690.01,27.859,29.326,30.303,32.747,32.747,22.972
690.6,27.37,29.326,30.303,32.258,32.258,22.483
691.2,27.37,28.837,30.303,32.258,32.258,22.972
691.79,27.859,29.326,30.303,32.258,32.258,22.483
692.39,27.37,29.326,30.303,32.258,32.258,22.972
692.98,27.859,29.326,30.303,32.258,32.258,22.483
693.57,27.37,29.326,30.303,32.258,32.258,22.972
694.17,27.859,29.326,29.814,32.258,32.258,22.972
694.77,27.37,29.326,30.303,32.747,32.258,22.972
695.37,27.37,28.837,30.303,32.258,32.258,22.972
695.96,27.37,28.837,30.303,32.258,32.258,22.483
696.55,27.37,29.326,30.303,32.258,32.258,22.972
697.15,27.859,29.326,30.303,32.258,32.258,22.972
697.73,27.37,29.326,29.814,32.258,32.258,22.972
698.34,27.859,29.326,29.814,32.258,32.258,22.483
698.93,27.37,29.326,30.303,32.747,32.258,22.972
699.54,27.859,28.837,30.303,32.258,32.258,22.972
700.14,27.859,29.326,29.814,32.258,32.258,22.972
700.72,27.859,29.326,29.814,32.258,32.258,22.483
701.33,27.859,28.837,29.814,32.258,32.258,22.972
701.91,27.859,28.837,30.303,32.258,32.258,22.972
702.5,27.37,28.837,29.814,32.258,32.258,22.972
703.09,27.37,29.326,29.814,32.258,32.258,22.972
703.68,27.859,28.837,30.303,32.258,31.769,22.972
704.27,27.37,29.326,29.814,32.258,32.258,22.972
704.88,27.859,29.326,29.814,32.258,32.258,22.972
705.46,27.859,29.326,30.303,32.258,32.258,22.972
706.06,27.859,28.837,29.814,32.258,32.258,22.972
706.67,27.859,29.326,30.303,32.258,32.258,22.483
707.25,27.859,28.837,29.814,32.258,31.769,22.972
707.85,27.859,29.326,29.814,32.258,31.769,22.972
708.43,27.37,29.326,29.814,32.258,31.769,22.972
709.02,27.37,29.326,30.303,32.258,32.258,22.972
709.62,27.37,29.326,29.814,32.258,32.258,22.483
710.22,27.859,29.326,29.814,32.258,31.769,22.972
710.82,27.37,28.837,29.814,32.258,32.258,22.483
711.41,27.859,28.837,30.303,32.258,32.258,22.972
712.02,27.859,28.837,29.814,32.258,31.769,22.972
712.62,27.859,28.837,29.814,32.258,32.258,22.972
713.21,27.859,29.326,30.303,32.258,31.769,22.483
713.81,27.37,29.326,29.814,32.258,31.769,22.972
714.4,27.859,29.326,29.814,31.769,32.258,22.972
714.99,27.859,29.326,29.814,32.258,31.769,22.972
715.58,27.859,29.326,29.814,32.258,31.769,22.972
716.17,27.859,29.326,29.814,32.258,31.769,22.483
716.77,27.859,28.837,29.814,32.258,31.769,22.972
717.36,27.859,29.326,30.303,32.258,31.769,22.972
717.96,27.859,29.326,30.303,32.258,31.769,22.972
718.55,27.37,29.326,29.814,32.258,31.769,22.972
719.15,27.859,29.326,29.814,32.258,31.769,22.972
719.76,27.859,29.326,29.814,32.258,31.769,22.972
720.36,27.859,29.326,29.814,32.258,31.769,22.483
720.96,27.859,29.326,29.814,32.258,31.769,22.483
721.54,27.37,29.326,29.814,32.258,31.769,22.972
722.13,27.859,29.326,29.814,32.258,31.769,22.483
722.72,27.859,29.326,29.814,32.258,31.769,22.972
723.31,27.859,29.326,29.814,32.258,31.769,22.972
723.91,27.859,29.326,30.303,32.258,31.769,22.972
724.5,27.859,29.326,29.814,31.769,31.769,22.972
725.09,27.37,29.326,29.814,32.258,32.258,22.972
725.7,27.859,29.326,29.814,32.258,31.769,22.972
726.3,27.859,29.326,29.814,32.258,31.769,22.972
726.9,27.37,29.326,30.303,31.769,31.769,22.972
727.48,27.859,28.837,29.814,32.258,31.769,22.972
728.08,27.859,28.837,29.814,31.769,31.769,22.972
728.66,27.859,29.326,30.303,31.769,31.769,22.972
729.26,27.37,29.326,29.814,32.258,31.769,22.972
729.86,27.859,29.326,29.814,31.769,31.769,22.972
730.45,27.859,29.326,30.303,31.769,31.769,22.972
731.05,27.859,29.326,29.814,32.258,31.769,22.972
731.66,27.859,29.326,30.303,32.258,31.769,22.972
732.26,27.859,29.326,29.814,31.769,31.769,22.972
732.85,27.859,29.326,29.814,31.769,31.769,22.972
733.44,27.859,29.326,30.303,31.769,31.769,22.483
734.04,27.859,29.326,29.814,31.769,31.769,22.972
734.65,27.859,29.326,29.814,31.769,31.769,22.972
735.25,27.859,29.326,30.303,31.769,31.769,22.972
735.84,27.859,29.326,29.814,31.769,31.769,22.972
736.44,27.859,29.326,29.814,31.769,31.769,22.483
737.02,27.859,29.326,29.814,31.769,31.769,22.972
737.62,27.859,29.326,29.814,31.769,31.769,22.972
738.22,27.859,29.326,29.814,31.769,31.769,22.972
738.82,27.859,29.326,29.814,31.769,31.769,22.972
739.41,27.859,29.326,29.814,31.769,31.769,22.972
739.99,27.859,29.326,29.814,32.258,31.281,22.972
740.59,27.859,29.326,29.814,31.769,31.769,22.972
741.19,27.859,28.837,29.814,31.769,31.769,22.483
741.78,27.859,29.326,29.814,31.769,31.769,22.972
742.37,27.859,29.326,29.814,31.769,31.769,22.972
742.97,27.859,29.326,29.814,31.769,31.769,22.972
743.56,27.859,29.326,30.303,31.769,31.769,22.972
744.16,27.859,29.326,29.814,32.258,31.769,22.972
744.75,27.859,29.326,29.814,31.769,31.769,22.972
745.34,27.859,28.837,29.814,31.769,31.281,22.972
745.93,27.859,29.326,29.814,31.769,31.769,22.483
746.52,27.859,29.326,29.814,31.769,31.281,22.972
747.11,27.859,29.326,30.303,31.769,31.769,22.483
747.71,27.859,29.326,29.814,31.769,31.281,22.972
748.3,27.859,29.326,29.814,31.769,31.769,22.972
748.9,27.859,29.326,29.814,31.769,31.281,22.972
749.48,27.859,29.326,29.814,31.769,31.769,22.972
750.06,27.859,28.837,29.814,31.769,31.769,22.972
750.66,27.859,29.326,29.814,31.769,31.769,22.972
751.25,27.859,29.326,29.814,31.769,31.281,22.972
751.84,27.859,29.326,29.814,31.769,31.281,22.483
752.42,27.859,29.326,29.814,31.769,31.281,22.972
753.01,27.859,29.326,29.814,31.769,31.281,22.972
753.6,27.859,29.326,29.814,31.769,31.769,22.972
754.2,27.859,29.326,29.814,31.769,31.281,22.483
754.79,27.859,29.326,29.814,31.769,31.281,22.972
755.39,27.859,29.326,29.814,31.281,31.281,22.972
755.98,27.859,29.326,29.814,31.769,31.281,22.972
756.58,27.859,29.326,29.814,31.769,31.281,22.972
757.17,27.859,29.326,29.814,31.769,31.281,22.972
757.77,27.859,29.326,29.814,31.769,31.281,22.972
758.37,27.859,28.837,29.814,31.769,31.281,22.972
758.97,27.859,29.326,29.814,31.769,31.281,22.972
759.56,27.859,29.326,29.814,31.769,31.281,22.972
760.16,27.859,29.326,29.814,31.769,31.281,22.972
760.75,27.859,29.326,29.814,31.769,31.281,22.972
761.34,27.859,29.326,29.814,31.769,31.769,22.972
761.94,27.859,29.326,29.814,31.769,31.281,22.972
762.53,27.859,29.326,29.814,31.769,31.281,22.972
763.13,27.859,29.326,29.814,31.769,31.281,22.972
763.73,27.859,29.326,29.814,31.769,31.281,22.483
764.32,27.859,29.326,29.814,31.769,31.281,22.972
764.91,27.859,29.326,29.814,31.769,31.281,22.972
765.5,27.859,29.326,29.814,31.769,31.281,22.972
766.1,27.859,29.326,29.814,31.769,31.281,22.972
766.7,27.859,29.326,29.814,31.769,31.281,22.972
767.3,27.859,29.326,29.814,31.769,31.281,22.483
767.89,27.859,29.326,29.814,31.769,31.281,22.483
768.48,27.859,29.326,29.814,31.769,31.281,22.483
769.08,27.859,29.326,29.814,31.769,31.281,22.483
769.68,27.859,29.326,29.814,31.769,31.281,22.972
770.27,27.859,29.326,29.814,31.769,31.281,22.972
770.88,27.859,29.326,29.814,31.769,31.281,22.972
771.48,27.859,29.326,29.814,31.769,31.281,22.972
772.07,27.859,29.326,29.814,31.769,31.281,22.972
772.66,27.859,29.326,29.814,31.281,31.281,22.972
773.25,27.859,29.326,29.814,31.769,31.281,22.972
773.84,27.859,28.837,29.814,31.769,31.281,22.972
774.43,27.859,29.326,29.814,31.769,31.281,22.972
775.03,27.859,29.326,29.814,31.769,31.281,22.483
775.62,27.859,29.326,29.814,31.281,31.281,22.972
776.23,27.859,29.326,29.814,31.281,31.281,22.972
776.82,27.859,29.326,29.814,31.281,31.281,22.972
777.43,27.859,28.837,29.814,31.281,31.281,22.972
778.02,27.859,29.326,29.814,31.281,31.281,22.972
778.61,27.859,29.326,29.814,31.281,31.281,22.972
779.22,27.859,29.326,29.814,31.281,31.281,22.972
779.81,27.859,29.326,29.814,31.281,31.281,22.483
780.4,27.859,28.837,29.326,31.281,30.792,22.972
780.99,27.859,29.326,29.814,31.281,31.281,22.972
781.59,27.859,29.326,29.814,31.769,31.281,22.972
782.19,27.859,29.326,29.814,31.281,31.281,22.972
782.78,27.859,29.326,29.814,31.281,31.281,22.972
783.38,27.859,29.326,29.814,31.281,31.281,22.483
783.97,27.859,29.326,29.814,31.281,31.281,22.972
784.56,27.859,29.326,29.814,31.281,31.281,22.972
785.16,27.859,29.326,29.814,31.281,31.281,22.972
785.75,27.859,29.326,29.814,31.769,31.281,22.972
786.35,27.859,29.326,29.326,31.281,31.281,22.972
786.94,27.859,29.326,29.814,31.281,31.281,22.972
787.54,27.859,29.326,29.814,31.281,31.281,22.972
788.13,27.859,29.326,29.814,31.281,31.281,22.972
788.73,27.859,29.326,29.814,31.281,31.281,22.972
789.34,27.859,29.326,29.814,31.281,30.792,22.972
789.92,27.859,29.326,29.814,31.281,30.792,22.972
790.51,27.859,28.837,29.814,31.281,30.792,22.972
791.11,27.859,29.326,29.814,31.281,30.792,22.972
791.69,27.859,29.326,29.814,31.281,31.281,22.972
792.28,27.859,29.326,29.814,31.281,31.281,22.972
792.88,27.859,29.326,29.814,31.281,31.281,22.972
793.49,28.348,29.326,29.814,31.281,30.792,22.972
794.07,28.348,29.326,29.814,31.769,30.792,22.972
794.65,28.348,29.326,29.814,31.281,31.281,22.972
795.24,27.859,29.326,29.814,31.281,31.281,22.972
795.83,27.859,29.326,29.814,31.281,31.281,22.972
796.42,27.859,29.326,29.814,31.281,30.792,22.972
797.02,27.859,29.326,29.814,31.281,30.792,22.483
797.61,28.348,29.326,29.814,31.281,31.281,22.972
798.21,27.859,29.326,29.814,31.281,30.792,22.483
798.8,28.348,29.326,29.814,31.281,30.792,22.483
799.4,27.859,29.326,29.814,31.281,30.792,22.972
800.01,27.859,29.326,29.814,31.281,31.281,22.972
800.61,27.859,29.326,29.814,31.281,31.281,22.972
801.21,27.859,29.326,29.814,31.281,31.281,22.972
801.79,27.859,29.326,29.814,31.281,30.792,22.972
802.39,27.859,29.326,29.814,31.281,30.792,22.972
802.99,28.348,29.326,29.814,31.281,31.281,22.972
803.57,27.859,29.326,29.814,31.281,30.792,22.972
804.17,27.859,29.326,29.814,31.281,31.281,22.483
804.78,27.859,29.326,29.814,31.281,31.281,22.483
805.37,27.859,29.326,29.326,31.281,30.792,22.972
805.96,27.859,29.326,29.814,31.281,30.792,22.972
806.56,27.859,29.326,29.814,31.281,31.281,22.972
807.15,27.859,29.326,29.814,31.281,30.792,22.483
807.74,27.859,29.326,29.814,31.281,30.792,22.972
808.34,28.348,29.326,29.814,31.281,31.281,22.972
808.93,27.859,29.326,29.814,31.281,30.792,22.483
809.54,28.348,29.326,29.814,31.281,30.792,22.972
810.13,27.859,29.326,29.814,31.281,30.792,22.972
810.72,27.859,29.326,29.814,31.281,30.792,22.972
811.32,27.859,29.326,29.814,31.281,30.792,22.972
811.91,27.859,29.326,29.814,31.281,30.792,22.483
812.51,27.859,29.326,29.814,31.281,30.792,22.972
813.09,27.859,29.326,29.814,31.281,30.792,22.972
813.69,27.859,29.326,29.326,31.281,31.281,22.972
814.28,27.859,29.326,29.814,31.281,31.281,22.972
814.88,27.859,29.326,29.326,31.281,30.792,22.483
815.47,27.859,29.326,29.326,30.792,30.792,22.483
816.07,27.859,29.326,29.326,31.281,30.792,22.972
816.67,27.859,29.326,29.326,31.281,30.792,22.972
817.26,27.859,29.326,29.814,31.281,30.792,22.972
817.87,27.859,29.326,29.814,31.281,30.792,22.972
818.48,28.348,29.326,29.814,31.281,30.792,22.972
819.07,27.859,29.326,29.814,31.281,30.792,22.483
819.66,27.859,29.326,29.326,31.281,30.792,22.483
820.25,27.859,29.326,29.814,31.281,30.792,22.972
820.86,27.859,29.326,29.326,31.281,30.792,22.972
821.45,27.859,29.326,29.326,31.281,30.792,22.972
822.05,27.859,29.326,29.814,31.281,30.792,22.972
822.64,27.859,29.326,29.814,31.281,30.792,22.483
823.23,27.859,29.326,29.326,31.281,30.792,22.972
823.83,27.859,29.326,29.814,31.281,30.792,22.972
824.42,27.859,29.326,29.326,31.281,30.792,22.483
825.03,27.859,29.326,29.326,30.792,30.792,22.483
825.62,27.859,29.326,29.814,31.281,30.792,22.972
826.21,27.859,29.326,29.326,31.281,30.792,22.483
826.82,28.348,29.326,29.326,31.281,30.792,22.972
827.42,27.859,29.326,29.326,31.281,30.792,22.972
828.01,28.348,29.326,29.326,30.792,30.792,22.483
828.6,27.859,29.326,29.326,30.792,30.792,22.972
829.19,27.859,29.326,29.326,31.281,30.792,22.972
829.78,28.348,29.326,29.326,31.281,30.792,22.972
830.37,27.859,29.326,29.326,30.792,30.792,22.483
830.97,27.859,29.326,29.814,30.792,30.792,22.972
831.56,27.859,29.326,29.326,31.281,30.792,22.483
832.15,28.348,29.326,29.326,30.792,30.792,22.972
832.74,27.859,29.326,29.326,30.792,30.792,22.483
833.33,27.859,29.326,29.326,31.281,30.792,22.972
833.93,27.859,29.326,29.326,31.281,30.792,22.972
834.53,27.859,28.837,29.326,30.792,30.792,22.483
835.12,27.859,29.326,29.326,30.792,30.792,22.483
835.72,27.859,29.326,29.814,30.792,30.303,22.483
836.3,27.859,29.326,29.326,31.281,30.792,22.972
836.9,27.859,29.326,29.326,30.792,30.792,22.483
837.49,28.348,29.326,29.326,30.792,30.792,22.972
838.09,27.859,29.326,29.326,31.281,30.303,22.972
838.68,28.348,29.326,29.326,31.281,30.792,22.972
839.27,27.859,28.837,29.326,31.281,30.303,22.972
839.88,27.859,28.837,29.326,31.281,30.303,22.972
840.47,27.859,28.837,29.326,31.281,30.792,22.972
841.07,28.348,29.326,29.326,30.792,30.792,22.483
841.68,27.859,29.326,29.326,31.281,30.792,22.972
842.26,27.859,29.326,29.326,30.792,30.303,22.483
842.85,27.859,29.326,29.326,30.792,30.792,22.972
843.46,27.859,28.837,29.326,30.792,30.303,22.972
844.05,27.859,29.326,29.326,30.792,30.303,22.972
844.64,27.859,29.326,29.326,30.792,30.303,22.972
845.23,27.859,29.326,29.326,31.281,30.792,22.972
845.82,27.859,29.326,29.326,30.792,30.303,22.483
846.42,27.859,29.326,29.326,30.792,30.303,22.972
847.02,27.859,29.326,29.326,30.792,30.303,22.972
847.61,27.859,29.326,29.326,31.281,30.303,22.972
848.21,27.859,29.326,29.326,30.792,30.303,22.972
848.81,27.859,29.326,29.326,30.792,30.792,22.972
849.41,27.859,29.326,29.326,30.792,30.303,22.972
850.01,28.348,29.326,29.326,30.792,30.303,22.972
850.62,28.348,29.326,29.326,30.303,30.303,22.483
851.2,27.859,29.326,29.326,30.792,30.303,22.972
851.8,27.859,29.326,29.814,31.281,30.792,22.972
852.39,28.348,29.326,29.326,30.792,30.303,22.483
852.99,28.348,29.326,29.326,30.792,30.303,22.972
853.59,28.348,29.326,29.326,30.792,30.303,22.483
854.2,28.348,29.326,29.326,30.792,30.792,22.972
854.79,28.348,29.326,29.326,30.792,30.303,22.972
855.38,27.859,29.326,29.326,30.792,30.303,22.972
855.97,28.348,29.326,29.326,30.792,30.303,22.972
856.56,27.859,29.326,29.326,30.792,30.303,22.972
857.14,28.348,29.326,29.326,30.792,30.303,22.972
857.75,27.859,29.326,29.326,30.792,30.303,22.972
858.35,27.859,29.326,29.326,30.792,30.303,22.972
858.95,28.348,29.326,29.326,30.792,30.303,22.972
859.54,28.348,29.326,29.326,30.792,30.303,22.972
860.13,27.859,29.326,29.814,30.792,30.303,22.972
860.73,27.859,29.326,29.326,30.792,30.303,22.972
861.3,28.348,29.326,29.326,30.792,30.303,22.483
861.89,28.348,29.326,29.326,30.792,30.303,22.972
862.49,27.859,29.326,29.326,30.792,30.303,22.483
863.08,28.348,29.326,29.326,30.792,30.303,22.972
863.69,28.348,29.326,29.326,30.792,30.303,22.972
864.28,28.348,29.326,29.326,30.792,30.303,22.972
864.87,28.348,29.326,29.326,30.792,30.303,22.972
865.47,28.348,29.326,29.326,30.792,30.303,22.972
866.06,27.859,29.326,29.326,30.792,30.303,22.972
866.65,28.348,29.326,29.326,30.792,30.303,22.483
867.26,28.348,29.326,29.814,30.792,30.303,22.483
867.85,28.348,29.326,29.326,30.792,30.303,22.972
868.43,27.859,29.326,29.326,30.792,30.303,22.972
869.01,28.348,29.326,29.326,30.792,30.303,22.972
869.6,27.859,29.326,29.326,30.792,30.303,22.972
870.19,28.348,29.326,29.326,30.792,30.303,22.972
870.78,27.859,29.326,29.326,30.792,30.303,22.972
871.38,28.348,29.326,29.326,30.792,30.303,22.972
871.98,27.859,29.326,29.326,30.792,30.303,22.483
872.56,28.348,29.326,29.326,30.792,30.303,22.972
873.15,27.859,29.326,29.326,30.792,30.303,22.972
873.75,28.348,29.326,29.326,30.792,30.303,22.972
874.35,28.348,29.326,29.326,30.792,30.303,22.972
874.93,27.859,29.326,29.326,30.792,30.303,22.483
875.52,28.348,29.326,29.326,30.792,30.303,22.972
876.13,27.859,29.326,29.326,30.792,30.303,22.972
876.73,27.859,29.326,29.326,30.792,30.303,22.483
877.34,28.348,29.326,29.326,30.792,30.303,22.972
877.94,28.348,29.326,29.326,30.792,30.303,22.972
878.52,27.859,29.326,29.326,30.792,30.303,22.972
879.11,28.348,29.326,29.326,30.792,30.303,22.972
879.72,28.348,28.837,29.326,30.792,29.814,22.972
880.31,28.348,29.326,29.326,30.792,30.303,22.483
880.9,28.348,29.326,29.326,30.792,30.303,22.483
881.49,28.348,29.326,29.326,30.792,30.303,22.972
882.08,27.859,29.326,29.326,30.792,30.303,22.972
882.67,28.348,29.326,29.326,30.792,30.303,22.483
883.26,27.859,29.326,29.326,30.792,30.303,22.483
883.85,28.348,29.326,29.326,30.792,30.303,22.483
884.44,27.859,29.326,29.326,30.792,30.303,22.972
885.02,27.859,29.326,29.326,30.792,30.303,22.483
885.61,27.859,28.837,29.326,30.303,30.303,22.972
886.2,27.859,29.326,29.326,30.303,30.303,22.483
886.81,27.859,29.326,29.326,30.792,30.303,22.972
887.4,27.859,29.326,29.326,30.792,30.303,22.483
887.99,27.859,29.326,29.326,30.303,29.814,22.972
888.58,27.859,28.837,29.326,30.792,29.814,22.972
889.17,27.859,29.326,29.326,30.303,29.814,22.972
889.76,28.348,29.326,29.326,30.303,29.814,22.483
890.36,28.348,29.326,29.326,30.792,29.814,22.972
890.95,28.348,29.326,29.326,30.303,29.814,22.972
891.55,27.859,28.837,29.326,30.792,30.303,22.483
892.15,27.859,29.326,29.326,30.303,30.303,22.483
892.76,27.859,29.326,29.326,30.792,30.303,22.483
893.36,27.859,29.326,29.326,30.303,29.814,22.483
893.96,27.859,29.326,29.326,30.792,30.303,22.972
894.55,27.859,29.326,29.326,30.303,30.303,22.972
895.14,27.859,29.326,29.326,30.303,29.814,22.483
895.75,27.859,29.326,28.837,30.303,29.814,22.972
896.35,28.348,29.326,29.326,30.303,29.814,22.483
896.93,28.348,28.837,29.326,30.303,30.303,22.483
897.52,27.859,28.837,29.326,30.792,29.814,22.972
898.1,27.859,29.326,29.326,30.303,29.814,22.483
898.7,27.859,29.326,29.326,30.303,29.814,22.972
899.3,27.859,29.326,29.326,30.303,30.303,22.483
899.89,27.859,29.326,29.326,30.792,30.303,22.483
900.49,27.859,29.326,28.837,30.303,29.814,22.972
901.07,27.859,28.837,29.326,30.303,29.814,22.483
901.66,27.859,29.326,29.326,30.303,30.303,22.972
902.26,27.859,29.326,28.837,30.303,29.814,22.972
902.85,27.859,29.326,29.326,30.303,29.814,22.483
903.44,27.859,29.326,29.326,30.303,30.303,22.972
904.04,28.348,29.326,29.326,30.303,29.814,22.972
904.65,27.859,29.326,29.326,30.303,29.814,22.483
905.24,27.859,29.326,28.837,30.303,29.814,22.972
905.84,27.859,29.326,28.837,30.303,30.303,22.483
906.45,28.348,29.326,29.326,30.303,29.814,22.483
907.04,27.859,28.837,29.326,30.303,29.814,22.972
907.63,27.859,29.326,28.837,30.792,29.814,22.483
908.23,27.859,28.837,28.837,30.303,29.814,22.972
908.83,27.859,29.326,29.326,30.303,29.814,22.972
909.42,27.859,29.326,28.837,30.303,29.814,22.972
910.01,27.859,29.326,29.326,30.303,29.814,22.972
910.6,27.859,28.837,29.326,30.303,29.814,22.972
911.19,27.859,28.837,29.326,30.303,29.814,22.483
911.78,27.859,29.326,29.326,30.303,29.814,22.972
912.36,28.348,28.837,29.326,30.303,29.814,22.972
912.97,28.348,29.326,29.326,30.303,29.814,22.483
913.55,28.348,29.326,29.326,30.303,29.814,22.483
914.14,27.859,29.326,29.326,30.303,29.814,22.483
914.73,27.859,29.326,29.326,30.303,29.814,22.972
915.32,27.859,28.837,29.326,30.303,29.814,22.483
915.91,27.859,28.837,28.837,30.303,29.814,22.972
916.49,27.859,29.326,29.326,30.303,29.814,22.972
917.09,27.859,28.837,28.837,30.303,29.814,22.972
917.69,27.859,29.326,29.326,30.303,29.814,22.483
918.3,27.859,29.326,29.326,30.303,29.814,22.972
918.89,28.348,29.326,28.837,30.303,29.814,22.483
919.5,27.859,29.326,29.326,30.303,29.814,22.483
920.1,27.859,28.837,28.837,30.303,29.814,22.483
920.7,27.859,28.837,28.837,30.303,29.814,22.972
921.3,27.859,29.326,28.837,30.303,29.814,22.483
921.9,27.859,28.837,28.837,30.303,29.814,22.483
922.5,28.348,29.326,28.837,30.303,29.814,22.483
923.09,28.348,29.326,28.837,30.303,29.814,22.972
923.68,27.859,29.326,28.837,30.303,29.814,22.972
924.28,27.859,29.326,28.837,30.303,29.814,22.483
924.87,27.859,28.837,29.326,30.303,29.326,22.483
925.47,27.859,29.326,29.326,30.303,29.814,22.972
926.07,27.859,28.837,29.326,30.303,29.814,22.483
926.67,28.348,28.837,28.837,30.303,29.814,22.483
927.26,28.348,28.837,29.326,29.814,29.814,22.483
927.86,27.859,28.837,29.326,30.303,29.814,22.972
928.47,28.348,28.837,28.837,30.303,29.814,22.483
929.06,27.859,28.837,28.837,30.303,29.814,22.483
929.66,27.859,29.326,29.326,30.303,29.814,22.483
930.24,27.859,29.326,28.837,30.303,29.814,22.972
930.83,27.859,29.326,28.837,30.303,29.814,22.972
931.43,27.859,29.326,28.837,30.303,29.814,22.972
932.02,27.859,29.326,28.837,30.303,29.814,22.972
932.61,27.859,29.326,28.837,30.303,29.814,22.483
933.21,27.859,28.837,28.837,30.303,29.814,22.483
933.8,28.348,28.837,28.837,30.303,29.814,22.483
934.4,27.859,28.837,28.837,30.303,29.814,22.483
935,27.859,29.326,28.837,30.303,29.814,22.483
935.59,27.859,29.326,28.837,30.303,29.814,22.483
936.2,27.859,29.326,28.837,30.303,29.814,22.483
936.8,28.348,29.326,28.837,30.303,29.814,22.483
937.39,28.348,29.326,28.837,30.303,29.814,22.483
937.98,28.348,29.326,28.837,30.303,29.814,22.972
938.58,27.859,29.326,29.326,30.303,29.814,22.483
939.19,27.859,28.837,28.837,30.303,29.814,22.483
939.79,27.859,29.326,28.837,30.303,29.814,22.483
940.38,27.859,29.326,28.837,30.303,29.814,22.483
940.96,27.859,29.326,28.837,30.303,29.814,22.483
941.57,27.859,29.326,28.837,30.303,29.814,22.483
942.15,27.859,28.837,28.837,30.303,29.814,22.483
942.73,27.859,28.837,28.837,29.814,29.814,22.483
943.34,27.859,29.326,28.837,30.303,29.814,22.972
943.92,27.859,29.326,28.837,30.303,29.326,22.483
944.52,27.859,28.837,28.837,30.303,29.814,22.483
945.1,27.859,28.837,28.837,30.303,29.814,22.972
945.7,27.859,28.837,28.837,29.814,29.814,22.483
946.3,27.859,28.837,28.837,29.814,29.814,22.483
946.89,28.348,29.326,28.837,30.303,29.814,22.972
947.48,27.859,29.326,28.837,30.303,29.326,22.483
948.08,27.859,28.837,28.837,30.303,29.814,22.483
948.66,28.348,28.837,28.837,30.303,29.814,22.483
949.26,28.348,29.326,28.837,30.303,29.326,22.483
949.86,27.859,29.326,28.348,30.303,29.814,22.972
950.46,27.859,28.837,28.837,30.303,29.326,22.483
951.06,27.859,29.326,28.837,29.814,29.326,22.483
951.65,27.859,29.326,28.837,30.303,29.814,22.972
952.24,27.859,28.837,28.837,29.814,29.814,22.483
952.82,27.859,29.326,28.837,29.814,29.814,22.483
953.41,27.859,29.326,28.837,30.303,29.326,22.483
954.01,27.859,29.326,28.837,30.303,29.814,22.972
954.59,27.859,28.837,28.837,30.303,29.326,22.483
955.18,27.859,29.326,28.837,29.814,29.814,22.972
955.77,27.859,29.326,28.837,30.303,29.326,22.972
956.36,28.348,29.326,28.837,30.303,29.326,22.483
956.96,27.859,29.326,28.837,30.303,29.326,22.483
957.55,28.348,29.326,28.837,30.303,29.326,22.483
958.13,27.859,28.837,28.837,29.814,29.326,22.483
958.72,27.859,29.326,28.837,30.303,29.814,22.972
959.31,27.859,28.837,28.837,30.303,29.814,22.483
959.9,28.348,28.837,28.837,30.303,29.326,22.483
960.5,28.348,29.326,28.837,29.814,29.814,22.972
961.09,27.859,28.837,28.837,30.303,29.326,22.483
961.69,27.859,29.326,28.837,29.814,29.326,22.483
962.29,28.348,29.326,28.837,30.303,29.814,22.972
962.88,27.859,29.326,28.837,29.814,29.326,22.972
963.47,27.859,28.837,28.837,30.303,29.814,22.483
964.07,27.859,29.326,28.837,30.303,29.326,22.972
964.66,27.859,29.326,28.837,29.814,29.326,22.483
965.25,27.859,29.326,28.837,29.814,29.814,22.483
965.85,27.859,29.326,28.837,30.303,29.326,22.483
966.44,27.859,28.837,28.837,30.303,29.326,22.483
967.03,27.859,28.837,28.837,29.814,29.326,22.483
967.63,28.348,28.837,28.837,29.814,29.326,22.972
968.23,27.859,29.326,28.837,29.814,29.326,22.972
968.81,28.348,28.837,28.837,29.814,29.326,22.483
969.39,27.859,29.326,28.837,29.814,29.326,22.483
969.98,27.859,28.837,28.837,29.814,29.326,22.483
970.59,27.859,29.326,28.837,30.303,29.326,22.972
971.17,28.348,28.837,28.837,30.303,29.814,22.972
971.76,27.859,29.326,28.837,29.814,29.326,22.483
972.35,27.859,29.326,28.837,29.814,29.326,22.483
972.95,28.348,29.326,28.837,29.814,29.326,22.972
973.55,27.859,28.837,28.837,29.814,29.814,22.483
974.14,27.859,28.837,28.837,29.814,29.326,22.972
974.73,28.348,29.326,28.837,29.814,29.326,22.483
975.33,27.859,28.837,29.326,29.814,29.326,22.972
975.94,28.348,29.326,28.837,29.814,29.326,22.483
976.53,27.859,29.326,28.837,29.814,29.326,22.483
977.14,27.859,28.837,28.837,29.814,29.326,22.972
977.74,27.859,28.837,28.348,29.814,29.326,22.972
978.34,27.859,29.326,28.837,29.814,29.326,22.972
978.92,27.859,29.326,28.837,29.814,29.326,22.972
979.51,28.348,29.326,28.837,29.814,29.326,22.972
980.1,28.348,29.326,28.837,29.814,29.326,22.972
980.71,27.859,28.837,28.837,29.814,29.326,22.483
981.31,27.859,28.837,28.837,29.814,29.326,22.972
981.9,27.859,29.326,28.837,29.814,29.326,22.972
982.49,28.348,28.837,28.837,29.814,29.326,22.972
983.09,27.859,29.326,28.837,29.814,29.326,22.483
983.68,27.859,29.326,28.837,29.814,29.326,22.972
984.28,27.859,28.837,28.837,29.814,29.326,22.972
984.88,27.859,28.837,28.837,29.814,29.814,22.972
985.47,27.859,29.326,28.837,29.814,29.326,22.972
986.07,28.348,29.326,28.837,29.814,29.326,22.483
986.67,27.859,28.837,28.837,29.814,29.326,22.483
987.27,28.348,28.837,28.837,29.814,29.326,22.972
987.87,28.348,29.326,28.837,29.814,29.326,22.483
988.47,28.348,28.837,28.837,29.814,29.326,22.483
989.05,28.348,28.837,28.837,29.814,29.326,22.972
989.65,28.348,29.326,28.837,29.814,29.326,22.972
990.25,27.859,28.837,28.837,29.814,29.326,22.972
990.84,27.859,28.837,28.837,29.814,29.326,22.972
991.45,27.859,29.326,28.837,29.814,29.326,22.972
992.04,28.348,29.326,28.837,29.814,29.326,22.972
992.63,27.859,28.837,28.837,29.814,29.326,22.972
993.23,28.348,29.326,28.837,29.814,28.837,22.972
993.82,28.348,29.326,28.837,29.814,29.326,22.483
994.4,27.859,28.837,28.837,29.814,29.326,22.483
995,28.348,28.837,28.837,29.814,29.326,22.972
995.59,27.859,28.837,28.837,29.814,29.326,22.483
996.18,28.348,29.326,28.837,29.814,29.326,22.972
996.76,28.348,29.326,28.837,29.814,29.326,22.972
997.37,28.348,29.326,28.837,29.814,29.326,22.483
997.97,28.348,29.326,28.837,29.814,29.326,22.972
998.56,28.348,28.837,28.837,29.814,29.326,22.483
999.15,27.859,29.326,28.837,29.814,29.326,22.972
999.75,28.348,29.326,28.837,29.814,29.326,22.483
